decade,outcome,adjusted_mean,raw_mean,n_articles
1840,sentiment_pos_minus_neg,0.17096883802481347,0.18223130530113762,4566
1850,sentiment_pos_minus_neg,0.04842604680548407,0.0768125519766164,5001
1860,sentiment_pos_minus_neg,0.0176737224724351,0.007171028789049335,11689
1870,sentiment_pos_minus_neg,-0.004653559404896513,-0.017810282839949624,19858
1880,sentiment_pos_minus_neg,-0.01492287267513485,-0.033863287893365956,22233
1890,sentiment_pos_minus_neg,0.02634342047500284,-0.016952145532127802,58792
1900,sentiment_pos_minus_neg,0.03541417492963943,0.025499453955025755,100762
1910,sentiment_pos_minus_neg,0.05709700801788957,0.04394872696710819,132313
1920,sentiment_pos_minus_neg,0.06503745242716108,0.07384208581086889,75170
1930,sentiment_pos_minus_neg,0.06636177381422219,0.10084622141593105,47767
1940,sentiment_pos_minus_neg,0.024808071589328927,0.06299133406401033,53056
1950,sentiment_pos_minus_neg,0.051632857329965455,0.09193723952258805,31718
1960,sentiment_pos_minus_neg,0.053399882765871445,0.08124040960672879,10151
1840,emotion_distress,0.329833678371169,0.3310817813569499,4566
1850,emotion_distress,0.41294347015075167,0.41128276804399644,5001
1860,emotion_distress,0.4664028068334649,0.49952017449097624,11689
1870,emotion_distress,0.4919376667425363,0.5263528107040811,19858
1880,emotion_distress,0.4936388015753241,0.5269057440191255,22233
1890,emotion_distress,0.4613385100306039,0.516821481960921,58792
1900,emotion_distress,0.4539406768982595,0.47278840457359994,100762
1910,emotion_distress,0.4275503542719425,0.44606522935659576,132313
1920,emotion_distress,0.4160940333067742,0.40411762765239756,75170
1930,emotion_distress,0.4023684159091763,0.34825949118621957,47767
1940,emotion_distress,0.4436895719777826,0.3772722471948697,53056
1950,emotion_distress,0.41256825636876177,0.3545399014517717,31718
1960,emotion_distress,0.406206218262285,0.3501405733708664,10151
1840,fear,0.08393161532056452,0.08774236851016964,4566
1850,fear,0.10233994403419072,0.11264933984161882,5001
1860,fear,0.13348638499085563,0.15649328955869407,11689
1870,fear,0.1443404990911702,0.16037299344778883,19858
1880,fear,0.145928431210729,0.16042784396996698,22233
1890,fear,0.13280956202040195,0.15305167265530892,58792
1900,fear,0.1284901861646796,0.1370551277329412,100762
1910,fear,0.11720544528164058,0.11887244915644916,132313
1920,fear,0.11276138817981206,0.10414946160891125,75170
1930,fear,0.11858401028329049,0.10177359850013885,47767
1940,fear,0.1262264779461804,0.10705382871653277,53056
1950,fear,0.10884269075487804,0.08995167168293135,31718
1960,fear,0.11249561781679615,0.09421822388478748,10151
1840,sadness,0.17059783176999546,0.1718854572747063,4566
1850,sadness,0.20057927571720094,0.19215179728710946,5001
1860,sadness,0.2009335801150162,0.201802289444084,11689
1870,sadness,0.21430203298324546,0.22578482547397802,19858
1880,sadness,0.21614808484914413,0.22823892981464725,22233
1890,sadness,0.20691247515225247,0.22824323746302777,58792
1900,sadness,0.20987810276648491,0.21739236392426164,100762
1910,sadness,0.19749152413262477,0.2101465003821681,132313
1920,sadness,0.19420517693943187,0.1968065371236485,75170
1930,sadness,0.1805308754628313,0.15537204355957945,47767
1940,sadness,0.19877195162618783,0.16110132349297676,53056
1950,sadness,0.18917811527120565,0.1619279686073592,31718
1960,sadness,0.17392527763401916,0.14563385534672202,10151
1840,joy,0.2525147833047936,0.281293519509195,4566
1850,joy,0.19168719979535886,0.21040262247811597,5001
1860,joy,0.17503493749326382,0.17967351395837275,11689
1870,joy,0.14599443812067892,0.15234524661893628,19858
1880,joy,0.15843262400207256,0.14612558656930874,22233
1890,joy,0.17642768449594412,0.1637722663060208,58792
1900,joy,0.18555506002860794,0.18416114404200798,100762
1910,joy,0.1840005296882283,0.18263995220497617,132313
1920,joy,0.18485428960433525,0.1867261096453561,75170
1930,joy,0.1758075367130369,0.18415704607946826,47767
1940,joy,0.16193336132332853,0.16209854337899185,53056
1950,joy,0.15695568312548155,0.16853788380639792,31718
1960,joy,0.14214953282136694,0.14383778817657716,10151
