decade,content_type,content_subtype,articles,decade_total,share_of_decade_percent
1840,article_like_or_uncertain,,4341,4566,95.07227332457293
1840,non_article_like,advertisement_or_commercial_notice,194,4566,4.248795444590451
1840,non_article_like,market_or_shipping_listing,28,4566,0.613228208497591
1840,non_article_like,event_or_entertainment_listing,2,4566,0.043802014892685065
1840,non_article_like,legal_notice,1,4566,0.021901007446342532
1850,article_like_or_uncertain,,4874,5001,97.46050789842032
1850,non_article_like,market_or_shipping_listing,97,5001,1.9396120775844832
1850,non_article_like,advertisement_or_commercial_notice,27,5001,0.5398920215956808
1850,non_article_like,legal_notice,2,5001,0.03999200159968006
1850,non_article_like,event_or_entertainment_listing,1,5001,0.01999600079984003
1860,article_like_or_uncertain,,11429,11689,97.77568654290359
1860,non_article_like,market_or_shipping_listing,196,11689,1.6767901445803746
1860,non_article_like,advertisement_or_commercial_notice,41,11689,0.35075712208058857
1860,non_article_like,event_or_entertainment_listing,15,11689,0.12832577637094703
1860,non_article_like,legal_notice,8,11689,0.0684404140645051
1870,article_like_or_uncertain,,19667,19858,99.03817101420083
1870,non_article_like,market_or_shipping_listing,147,19858,0.7402558162956995
1870,non_article_like,advertisement_or_commercial_notice,20,19858,0.10071507704703395
1870,non_article_like,event_or_entertainment_listing,17,19858,0.08560781548997885
1870,non_article_like,legal_notice,7,19858,0.03525027696646188
1880,article_like_or_uncertain,,22035,22233,99.10943192551612
1880,non_article_like,market_or_shipping_listing,131,22233,0.5892142310979175
1880,non_article_like,advertisement_or_commercial_notice,47,22233,0.2113974722259704
1880,non_article_like,legal_notice,12,22233,0.05397382269599245
1880,non_article_like,event_or_entertainment_listing,8,22233,0.035982548463994964
1890,article_like_or_uncertain,,58227,58792,99.0389848959042
1890,non_article_like,market_or_shipping_listing,474,58792,0.8062321404272691
1890,non_article_like,event_or_entertainment_listing,54,58792,0.09184923118791673
1890,non_article_like,advertisement_or_commercial_notice,27,58792,0.045924615593958364
1890,non_article_like,legal_notice,10,58792,0.017009116886651243
1900,article_like_or_uncertain,,99448,100762,98.69593696036205
1900,non_article_like,market_or_shipping_listing,1109,100762,1.1006133264524325
1900,non_article_like,advertisement_or_commercial_notice,100,100762,0.09924376252952502
1900,non_article_like,event_or_entertainment_listing,78,100762,0.07741013477302951
1900,non_article_like,legal_notice,27,100762,0.026795815882971755
1910,article_like_or_uncertain,,131324,132313,99.25252998571568
1910,non_article_like,market_or_shipping_listing,655,132313,0.4950382804410753
1910,non_article_like,advertisement_or_commercial_notice,210,132313,0.15871456319484858
1910,non_article_like,event_or_entertainment_listing,111,132313,0.0838919834029914
1910,non_article_like,legal_notice,13,132313,0.009825187245395389
1920,article_like_or_uncertain,,74838,75170,99.55833444193162
1920,non_article_like,advertisement_or_commercial_notice,232,75170,0.3086337634694692
1920,non_article_like,event_or_entertainment_listing,59,75170,0.07848875881335639
1920,non_article_like,market_or_shipping_listing,37,75170,0.049221764001596384
1920,non_article_like,legal_notice,4,75170,0.005321271783956366
1930,article_like_or_uncertain,,47601,47767,99.65247974543094
1930,non_article_like,advertisement_or_commercial_notice,145,47767,0.30355684887055917
1930,non_article_like,event_or_entertainment_listing,11,47767,0.023028450603973454
1930,non_article_like,legal_notice,5,47767,0.010467477547260661
1930,non_article_like,market_or_shipping_listing,5,47767,0.010467477547260661
1940,article_like_or_uncertain,,52600,53056,99.14053075995174
1940,non_article_like,advertisement_or_commercial_notice,445,53056,0.8387364294330518
1940,non_article_like,event_or_entertainment_listing,5,53056,0.00942400482509047
1940,non_article_like,legal_notice,5,53056,0.00942400482509047
1940,non_article_like,market_or_shipping_listing,1,53056,0.001884800965018094
1950,article_like_or_uncertain,,31557,31718,99.49240179078126
1950,non_article_like,advertisement_or_commercial_notice,158,31718,0.4981398574941674
1950,non_article_like,legal_notice,2,31718,0.0063055678163818655
1950,non_article_like,market_or_shipping_listing,1,31718,0.0031527839081909328
1960,article_like_or_uncertain,,10053,10151,99.03457787410107
1960,non_article_like,advertisement_or_commercial_notice,94,10151,0.9260171411683578
1960,non_article_like,event_or_entertainment_listing,4,10151,0.039404984730568415
