decade,original_american_stories_articles,original_american_stories_words,original_american_stories_publishers,selected_sources_articles,selected_sources_words,selected_sources_publishers,rule_based_filtered_articles,rule_based_filtered_words,rule_based_filtered_publishers,selected_share_of_original_articles,rule_based_share_of_selected_articles,rule_based_share_of_original_articles,selected_percent_of_original_articles,rule_based_percent_of_selected_articles,rule_based_percent_of_original_articles
1830s,1231537,282467353,128,64973,15200442,2,951,215803,2,0.0527576516174503,0.0146368491527249,0.0007722057883766,5.2757651617450305,1.46368491527249,0.07722057883766
1840s,4674484,976121028,284,521718,122257868,7,4566,887852,7,0.1116097520068525,0.0087518544501052,0.0009767923047763,11.16097520068525,0.87518544501052,0.09767923047763001
1850s,12438068,2318290894,589,1182802,264507573,8,5001,1216258,7,0.0950953154460966,0.0042280956575994,0.0004020720902956,9.50953154460966,0.42280956575994,0.04020720902956
1860s,15960610,2922573655,719,2044060,460463756,14,11689,3035337,14,0.1280690399677706,0.00571852098275,0.0007323654922963,12.806903996777061,0.5718520982749999,0.07323654922963
1870s,20785268,3709036129,708,2858936,647933195,19,19858,4646947,19,0.1375462659418199,0.0069459407275993,0.0009553882105344,13.75462659418199,0.69459407275993,0.09553882105344
1880s,31016768,5097039778,1031,3232520,596598486,20,22233,4436133,19,0.1042184666049022,0.0068779156818828,0.0007168058258036,10.42184666049022,0.68779156818828,0.07168058258036
1890s,55240972,8634352771,1281,7154690,1386415767,27,58792,11733566,26,0.1295178151463374,0.0082172672750321,0.0010642825039356,12.951781514633739,0.82172672750321,0.10642825039356
1900s,74376483,10421998819,1673,10084051,1684918745,33,100762,19725272,33,0.135581175571316,0.0099922144384236,0.0013547561801221,13.558117557131599,0.99922144384236,0.13547561801221
1910s,84786471,11414296090,1618,11104592,1782900341,29,132313,25508135,29,0.1309712725276654,0.0119151608631816,0.0015605437806227,13.09712725276654,1.19151608631816,0.15605437806227
1920s,33969847,4540589528,1029,6845306,1027094713,19,75170,14179401,18,0.2015112402478586,0.010981247587763,0.0022128448208789,20.15112402478586,1.0981247587763,0.22128448208788998
1930s,11917368,1616340783,186,4261346,623659892,6,47767,9118067,6,0.357574424151373,0.0112093690585087,0.0040081836861964,35.757442415137305,1.12093690585087,0.40081836861964004
1940s,10663135,1459071912,217,3883358,607815941,8,53056,9927443,8,0.3641853920071348,0.0136624024877438,0.0049756474057582,36.41853920071348,1.36624024877438,0.49756474057582
1950s,6555599,883146503,150,3378472,481112700,6,31718,6125191,6,0.5153567202630911,0.0093882678323218,0.0048383069190168,51.53567202630911,0.93882678323218,0.48383069190168
1960s,2259386,283074032,86,1263345,158791249,2,10151,1830236,2,0.5591541241735587,0.0080350181462704,0.0044928135342964,55.91541241735587,0.80350181462704,0.44928135342964
