decade,n_articles,total_words,n_publishers,n_article_like_or_uncertain,n_non_article_like,sentiment_pos_minus_neg_mean,sentiment_pos_minus_neg_std,sentiment_pos_minus_neg_median,sentiment_pos_minus_neg_min,sentiment_pos_minus_neg_max,negative_mean,negative_std,negative_median,negative_min,negative_max,sent_neutral_mean,sent_neutral_std,sent_neutral_median,sent_neutral_min,sent_neutral_max,positive_mean,positive_std,positive_median,positive_min,positive_max,emotion_distress_mean,emotion_distress_std,emotion_distress_median,emotion_distress_min,emotion_distress_max,anger_mean,anger_std,anger_median,anger_min,anger_max,disgust_mean,disgust_std,disgust_median,disgust_min,disgust_max,fear_mean,fear_std,fear_median,fear_min,fear_max,sadness_mean,sadness_std,sadness_median,sadness_min,sadness_max,joy_mean,joy_std,joy_median,joy_min,joy_max,surprise_mean,surprise_std,surprise_median,surprise_min,surprise_max,emo_neutral_mean,emo_neutral_std,emo_neutral_median,emo_neutral_min,emo_neutral_max,word_count_mean,word_count_std,word_count_median,word_count_min,word_count_max,n_sentences_mean,n_sentences_std,n_sentences_median,n_sentences_min,n_sentences_max,avg_sentence_length_mean,avg_sentence_length_std,avg_sentence_length_median,avg_sentence_length_min,avg_sentence_length_max,avg_word_length_mean,avg_word_length_std,avg_word_length_median,avg_word_length_min,avg_word_length_max,flesch_reading_ease_mean,flesch_reading_ease_std,flesch_reading_ease_median,flesch_reading_ease_min,flesch_reading_ease_max,flesch_kincaid_grade_mean,flesch_kincaid_grade_std,flesch_kincaid_grade_median,flesch_kincaid_grade_min,flesch_kincaid_grade_max,sentiment_pos_minus_neg_q25,sentiment_pos_minus_neg_q75,negative_q25,negative_q75,sent_neutral_q25,sent_neutral_q75,positive_q25,positive_q75,emotion_distress_q25,emotion_distress_q75,anger_q25,anger_q75,disgust_q25,disgust_q75,fear_q25,fear_q75,sadness_q25,sadness_q75,joy_q25,joy_q75,surprise_q25,surprise_q75,emo_neutral_q25,emo_neutral_q75,word_count_q25,word_count_q75,n_sentences_q25,n_sentences_q75,avg_sentence_length_q25,avg_sentence_length_q75,avg_word_length_q25,avg_word_length_q75,flesch_reading_ease_q25,flesch_reading_ease_q75,flesch_kincaid_grade_q25,flesch_kincaid_grade_q75,share_non_article_like_percent
1840,4566,887824,7,4341,225,0.18223130530113762,0.3687628454680433,0.15214047394692895,-0.8584036896936595,0.9693900207057596,0.10963621457343761,0.1607199962361033,0.032105593010783154,0.0017915056087076,0.8678171634674072,0.5984962656498413,0.2206582965596624,0.6439206600189209,0.023903951048851,0.9399690628051758,0.2918675198745752,0.25788978804387996,0.19942808896303174,0.0060428311116993,0.972743034362793,0.3310817813569499,0.34822423671443653,0.14788944367319345,0.0034794241655617,0.9958515736507252,0.07145395557207386,0.1678470937078648,0.01399039104580875,0.0005980140413157,0.9931260347366332,0.023424598751668135,0.07515137810781679,0.0052501584868878005,0.00030776715721,0.9681873917579652,0.08774236851016964,0.22144983765454593,0.0066323555074631994,0.0002081381971947,0.9922072291374208,0.1718854572747063,0.25025248148637674,0.0451094880700111,0.0010753982933238,0.9905073642730712,0.281293519509195,0.3122678324843439,0.12796703726053235,0.00036383481347,0.990778923034668,0.08716223123146297,0.13374743513565143,0.04382231086492535,0.0009262682287953,0.983717441558838,0.27703786987275497,0.2492633022354218,0.1988998651504516,0.0011618278222158,0.9394736289978028,194.4424003504161,113.80614784950937,157.0,100,1268,8.326544021024967,5.646391375673846,7.0,2.0,104.0,27.40847891932782,14.204140136600026,24.035714285714285,5.2,163.5,4.840209376443281,0.2682573298338681,4.848271495265276,3.7848101265822782,5.8053097345132745,48.22643103361476,17.419676925558612,50.4989705882353,-85.11199541284401,96.0461682242991,13.34173895095578,5.697212513180179,12.09542391304348,3.1698518518518526,65.7487003058104,-0.0405491143465042,0.44635720201767976,0.0140935126692056,0.13158394023776046,0.44799307733774185,0.780037134885788,0.075259156525135,0.4652008116245269,0.03701115548028605,0.6605932947713882,0.006920322310179449,0.037974332459270926,0.0025006879586725998,0.013505552662536498,0.00229949917411425,0.029676073696464227,0.016890754457563148,0.20869934931397435,0.025546014308929426,0.49633993953466415,0.0173322167247533,0.10102734155952925,0.05407455563545225,0.4595375657081604,126.0,227.0,5.0,10.0,17.818181818181817,33.25,4.6654160283106405,5.024793388429752,39.1933198529412,59.893635676267365,9.488843323295779,15.703025322118826,4.92772667542707
1850,5001,1215815,7,4874,127,0.0768125519766164,0.3802613982205536,0.0462328419089317,-0.8481435151770711,0.971578826662153,0.14129109631870382,0.18979790500284227,0.0439368188381195,0.0020637568086385,0.8581740260124207,0.640605255654888,0.23080984339957905,0.706049382686615,0.0230756737291812,0.9529842734336852,0.21810364829532022,0.25082406694722875,0.0973058491945266,0.0065960339270532,0.9741543531417848,0.41128276804399644,0.37527531520668056,0.2704450908349827,0.0029900789086241,0.9966105305356904,0.10648163091526801,0.2139287592251977,0.0168845150619745,0.0007107432466,0.9931640028953552,0.020334943881971292,0.06997232637528908,0.0044808965176343,0.0002629044756758,0.9761511087417604,0.11264933984161882,0.24572208618838698,0.010303103365004,0.0002128118940163,0.9937343001365662,0.19215179728710946,0.2694428681551803,0.0542740486562252,0.0010944714304059,0.987795352935791,0.21040262247811597,0.28720073996427237,0.0550832226872444,0.0004628901951946,0.9895254373550416,0.1054446371906426,0.1434073038424621,0.0578009076416492,0.0006692942697554,0.9804731607437134,0.2525350279342931,0.25817643139583624,0.1508499681949615,0.0007239785627461,0.9619951248168944,243.11437712457507,185.98435879196126,184.0,100,1592,10.593881223755249,8.059431403832978,8.0,2.0,112.0,26.33687950226493,13.809642017852065,23.125,4.375,165.0,4.797156258962306,0.28348981114766614,4.7957957957957955,3.837004405286343,5.925925925925926,50.94255654759233,17.082802156378747,52.954102564102584,-94.20545454545451,98.05980194805196,12.696678832594714,5.548280066979281,11.589295774647889,1.6240546218487424,67.38969696969698,-0.1444191932678222,0.2798433881253004,0.0143201583996415,0.1962299644947052,0.4815517663955688,0.8343464136123657,0.0415732115507125,0.30705127120018,0.0467741768807172,0.8249664511531591,0.0076910681091248,0.0706862658262252,0.0021875172387808,0.0110595794394612,0.0031340669374912,0.0540498457849025,0.0171811636537313,0.2532278597354889,0.0105500183999538,0.3144827485084533,0.0183804128319025,0.13565593957901,0.0329173132777214,0.4233631789684295,134.0,278.0,6.0,13.0,17.05263157894737,31.8,4.614087301587301,4.9813664596273295,42.24172297297301,61.89827868852461,8.999799901185774,14.94923076923077,2.539492101579684
1860,11689,3035081,14,11429,260,0.007171028789049335,0.3642597652080105,-0.0034096986055374,-0.8865915997885168,0.9806462975684552,0.16418704911856113,0.19778936017242993,0.0708409994840622,0.0015849116025492,0.8922172784805298,0.664454872538842,0.22460976496299298,0.7369681596755981,0.015474485233426,0.954595386981964,0.17135807790761046,0.2290125115393449,0.0633780136704444,0.005625678692013,0.982585906982422,0.49952017449097624,0.3680193824973341,0.5255341045558453,0.0032971443142741,0.997332784696482,0.14122459548819807,0.23504912764754718,0.0292398929595947,0.0005531129427254,0.9919360876083374,0.023009886327128328,0.0724407226749679,0.00604839483276,0.0002406701823929,0.9853684306144714,0.15649328955869407,0.2801113392533694,0.0195671897381544,0.0001722509769024,0.9935692548751832,0.201802289444084,0.2649755808682819,0.0720963776111602,0.0009449620265513,0.98872709274292,0.17967351395837275,0.28385734182391625,0.0304463915526866,0.0003651813312899,0.990204930305481,0.09575333761499905,0.14191817588517902,0.0459904372692108,0.0004986906424164,0.9795698523521424,0.20204308717827402,0.2297664373343624,0.0988894328474998,0.0004833918646909,0.957697331905365,259.6527504491402,216.76725239447438,182.0,100,1697,12.098810847805629,9.802205718608956,9.0,2.0,115.0,24.54148777679024,13.465062707945837,21.2,3.939393939393939,171.0,4.815989443227213,0.2546713698281832,4.807502467917078,3.8828828828828823,6.0,51.24147281355753,15.813255976177823,53.516250000000014,-96.10692982456136,93.26051829268296,12.208960631262674,5.317802794164588,10.995547385620911,2.4606418604651203,67.5721052631579,-0.2032121829688549,0.158820055425167,0.0210081711411476,0.2437474578619003,0.5187013745307922,0.8492727875709534,0.0315328687429428,0.1942752599716186,0.0983380931429565,0.8784209340810776,0.0091919554397463,0.1460058093070984,0.0025238557718694,0.0155066894367337,0.0052503584884107,0.125588372349739,0.0201519913971424,0.2781798541545868,0.007203244138509,0.2087791860103607,0.0146780032664537,0.1189775615930557,0.0256198924034833,0.3140922486782074,130.0,294.0,6.0,15.0,15.76923076923077,29.19047619047619,4.6521739130434785,4.978571428571429,43.84866154338779,61.391356275303664,8.780222572032041,14.10381727574751,2.2243134570964154
1870,19858,4646855,19,19667,191,-0.017810282839949624,0.37760964488630183,-0.0362846292555332,-0.904599716886878,0.9774227852467448,0.18178776378289316,0.2066952484951899,0.08938765525817866,0.0018292025197297,0.91163569688797,0.6542347554040151,0.2305102400045826,0.7225395143032074,0.018171714618802,0.9497987031936646,0.16397748094294354,0.23481712352387293,0.050894970074295956,0.0056168418377637,0.9796255230903624,0.5263528107040811,0.36250039286859115,0.5775077361613512,0.003010945074493,0.9972969428636134,0.1401949917823141,0.23978008891410138,0.02788758371025315,0.0005012986948713,0.99146831035614,0.027315521572035144,0.08665286020425664,0.00600634072907265,0.0001698207051958,0.9898732900619508,0.16037299344778883,0.28570329579897796,0.0208084667101502,0.0001997017097892,0.9933202266693116,0.22578482547397802,0.2753290600572524,0.08935997635126111,0.0009505211492069,0.9893651008605956,0.15234524661893628,0.2669742541252659,0.022884014062583398,0.0004386033397167,0.9915693402290344,0.08823331302132152,0.1391627998417067,0.03746562637388705,0.0005161251174286,0.982109546661377,0.2057531082470516,0.23532050766744558,0.09625260904431335,0.000476477202028,0.9506012201309204,234.00417967569746,176.97533573718152,177.0,98,1850,12.985748816597845,10.401713667631979,10.0,2.0,129.0,21.22168282992651,11.3173115691497,18.625,3.7777777777777777,143.5,4.793531414037868,0.3003402779688375,4.762438118811881,3.6818181818181817,5.993939393939394,55.523642203782735,14.870413608505213,57.19274676925497,-71.63744584837542,100.96585137614682,10.786951891630371,4.553197092345726,9.858372722680057,1.3429100917431214,57.88998257839721,-0.24346330296248195,0.13280240120366213,0.02334580011665815,0.28066286444663996,0.4987787455320358,0.8493059277534485,0.02772714989259835,0.16822403296828264,0.13295149523764843,0.889477475779131,0.009635309455916225,0.12593738362193102,0.002658427052665475,0.0158944940194487,0.0056422286434099,0.12368458509445183,0.02059440826997155,0.3548610433936119,0.006004840484820275,0.13157599791884417,0.013259835541248224,0.1034153830260038,0.023137115407735026,0.32874771207571024,133.0,263.75,7.0,15.0,14.0,25.25,4.585034013605442,4.970319064547404,47.649028765139576,65.55690760869568,7.901536135577228,12.515803571428574,0.9618289857991741
1880,22233,4435968,19,22035,198,-0.033863287893365956,0.417733793988693,-0.046986386179924,-0.9053043271414936,0.971000996651128,0.21342038283986453,0.22987771823115916,0.1115103885531425,0.0014346267562359,0.9112671613693236,0.607022521827099,0.23620433708203897,0.6538438200950623,0.0232934933155775,0.9596829414367676,0.17955709494649857,0.24960617057773993,0.055209182202816,0.0056014866568148,0.9738537669181824,0.5269057440191255,0.3700439060424543,0.5989471224602312,0.0032450536964461,0.9972140369936824,0.13823897023451112,0.2379785600946044,0.0253116879612207,0.0005742904613725,0.9927932024002076,0.03210959465681003,0.0944063039037759,0.006392034702003,0.0002181525196647,0.987015962600708,0.16042784396996698,0.2883706583082634,0.0178762804716825,0.0002019674575421,0.994686722755432,0.22823892981464725,0.2856870645344211,0.080652892589569,0.0009840996935963,0.9909157156944276,0.14612558656930874,0.2593026892705895,0.0199537631124258,0.0004890192649327,0.9903079867362976,0.0982094647816844,0.15114654146468598,0.0425202697515487,0.0006309723830781,0.9826884865760804,0.1966496096935943,0.2384593942696725,0.0815964862704277,0.0003449601354077,0.9662540555000304,199.5217919309135,131.0729996543397,157.0,85,1472,11.844015652408581,9.429715398060514,10.0,2.0,222.0,19.959914854213466,10.604350740924101,17.333333333333332,3.7941176470588234,182.5,4.690221829148954,0.2792804774837992,4.675675675675675,3.481375358166189,7.067729083665339,59.89001746875767,14.737798555603574,61.94911764705884,-115.84852739726026,103.92305342535788,9.864471919144968,4.386362159774151,8.920915678524374,0.4513880368098171,74.75595890410958,-0.3336381493136287,0.1709433728829026,0.0213648825883865,0.3647084832191467,0.4336108863353729,0.8103492856025696,0.0253467299044132,0.2089525461196899,0.1113636437803506,0.8963154647499323,0.0083688739687204,0.1276768893003463,0.0026572826318442,0.0181065592914819,0.0046576806344091,0.1249236613512039,0.0192661825567483,0.357282280921936,0.0053215902298688,0.1266547888517379,0.0131403598934412,0.1167714819312095,0.0221741572022438,0.2992923557758331,123.0,224.0,7.0,14.0,13.189655172413794,23.4,4.502222222222223,4.859671302149178,52.38425884955751,69.73785714285715,7.057394366197183,11.470076923076927,0.8905680744838754
1890,58792,11733042,26,58227,565,-0.016952145532127802,0.4252510147127875,-0.027885057963430798,-0.9117695591412484,0.9770986537914724,0.20515476553326936,0.2315936125295058,0.09464190900325775,0.0013934087473899,0.9183213114738464,0.6066426145299232,0.24223517465960673,0.6551443040370941,0.0179569069296121,0.9583105444908142,0.18820262000114155,0.2571430560194983,0.0576020404696464,0.0051002968102693,0.9795708656311036,0.516821481960921,0.3732678827697498,0.5757640767842531,0.0025444172206334,0.9974690864328296,0.13552657184258426,0.2364990880086389,0.02391000092029565,0.0005467029404826,0.9933557510375975,0.02827254730906614,0.08548540883887289,0.0059273445513099,0.0001870166452135,0.982010543346405,0.15305167265530892,0.28074833890559725,0.01649410184472795,0.0001842027850216,0.9943771958351136,0.22824323746302777,0.28395294257622566,0.08171845600008965,0.0008795747417025,0.9913617968559264,0.1637722663060208,0.27796976288512915,0.0197167685255408,0.0003200320061296,0.9914092421531676,0.09638971773187963,0.14757038117545648,0.04309495165944095,0.0004043281951453,0.983350396156311,0.19474398670582332,0.23442306034735014,0.0828284583985805,0.0003656999324448,0.964849591255188,199.5686828139883,123.40959096808302,159.0,100,1448,14.84802354061777,10.987261927069735,12.0,2.0,241.0,15.801624276846747,8.38521451772621,14.0,2.5365853658536586,226.0,4.67365258234057,0.278549351746387,4.6521739130434785,3.67420814479638,6.120967741935484,64.41113644608205,13.40011832489982,66.14853121496009,-165.92579646017697,105.21402919062362,8.20083129270355,3.628847045987126,7.559030055773601,0.1400265369305628,92.54734513274336,-0.3180174033623188,0.20075219625141472,0.017137594055384325,0.3505050018429756,0.42502254247665405,0.8178994059562683,0.024566767271608076,0.23443846032023422,0.09689860686194145,0.894488996360451,0.007845033193007025,0.12194835022091857,0.0025449502281844503,0.016917064320296,0.0043783572036772255,0.11482939496636382,0.0194963626563549,0.35847087204456324,0.00529822567477815,0.1584069058299064,0.013796369312331025,0.1140666622668504,0.0229848204180598,0.29757965356111526,123.0,229.0,8.0,18.0,10.85,18.333333333333332,4.477876106194691,4.850393700787402,57.65214285714288,73.1738104790698,6.005068493150684,9.494569818907863,0.9610151040957953
1900,100762,19723179,33,99448,1314,0.025499453955025755,0.41746673773372833,0.01743434928357595,-0.9052540087141095,0.9799475554609672,0.18158726278544715,0.22119671899559035,0.0667645782232284,0.0013488478725776,0.911253035068512,0.6113260205884942,0.23681252121619004,0.6607207655906677,0.0165987834334373,0.9603797793388368,0.2070867167404729,0.2573933471321266,0.0783576853573322,0.0050204135477542,0.9816743731498718,0.47278840457359994,0.3742606515307034,0.44736523064784706,0.0028204574773553,0.9975677784532307,0.11834091291639696,0.22088939644671046,0.020631449297070448,0.0004417963791638,0.9939085245132446,0.023994266569994045,0.07560987262192023,0.00532607734203335,0.000175560999196,0.9864771366119384,0.1370551277329412,0.26915630531963464,0.0129587203264236,0.000189233731362,0.9945794343948364,0.21739236392426164,0.28017502795354327,0.070757046341896,0.0006733044865541,0.99253511428833,0.18416114404200798,0.2826368567591258,0.03268603980541225,0.0002864754642359,0.991327702999115,0.10503779785075398,0.15520090883872742,0.05007533542811865,0.0004054204327985,0.98467618227005,0.21401838701179682,0.23986533819454806,0.10539636015892026,0.0004067228001076,0.9639698266983032,195.74024930033147,114.54963451113848,159.0,100,1425,13.80833052142673,10.43724243695045,11.0,2.0,394.0,17.693280017925737,12.596575479212783,14.583333333333334,2.466666666666667,312.5,4.68900365072995,0.2910666027604381,4.669811320754717,3.6176470588235294,6.46969696969697,62.394864908583195,17.225888721124996,65.2057142857143,-244.0881799999999,105.98679054054055,8.952000711766713,5.2748122360996925,7.782727272727275,-0.4437929894179877,124.93844,-0.2644084468483925,0.2628948888741433,0.0126592388842254,0.3036712110042572,0.4361694976687431,0.8137487024068832,0.029324935749173123,0.2898628413677215,0.07273596531013021,0.8701833302620798,0.00735301617532965,0.09119924157857887,0.0023939126986078497,0.014359616674482774,0.003701263514813,0.08342098444700237,0.018582967109978175,0.3278931453824043,0.0067914185347035,0.2279691025614738,0.016858483199030078,0.12451778352260583,0.027586252428591224,0.34181866049766535,124.0,224.0,8.0,17.0,11.1875,19.75,4.484536082474227,4.87782441692977,55.85348744769877,72.88722222222225,6.140000000000004,10.027865671641793,1.3040630396379589
1910,132313,25505898,29,131324,989,0.04394872696710819,0.39787933953111376,0.0327397715300321,-0.9215731504373252,0.9777743353042752,0.16726899478603507,0.20894264806904556,0.0612085536122322,0.0013175435597077,0.9272133708000184,0.6215132835727611,0.2303391269806619,0.6735246181488037,0.0171622559428215,0.962520182132721,0.2112177217531433,0.24904821010369205,0.0919979810714721,0.0053224265575408,0.9802752137184144,0.44606522935659576,0.36703338633209165,0.3806998752988875,0.002638864214532,0.997289530816488,0.11704627981797842,0.2187958929908068,0.0206627175211906,0.0004843414062634,0.9934444427490234,0.024884035992485308,0.07656913139522345,0.0054901558905839,0.0001743482862366,0.9783735275268556,0.11887244915644916,0.24801183486021317,0.011163261719048,0.0001824980572564,0.9943256974220276,0.2101465003821681,0.2745162521706391,0.0689561516046524,0.0008153953240253,0.9917158484458924,0.18263995220497617,0.27208820539775186,0.0396612286567688,0.0003247988934163,0.9915741086006165,0.10408142949885955,0.15226628529851144,0.0508900322020053,0.0004092266026418,0.9834975004196168,0.24232935275141212,0.24986001484214337,0.1413556039333343,0.000402063014917,0.9697781205177308,192.76940285535056,105.3141139107631,159.0,2,1205,14.32724675579875,10.808951646102072,12.0,1.0,235.0,17.703299114139252,13.55165509295986,13.909090909090908,1.9615384615384617,280.5,4.7150836278985935,0.29358847474403094,4.701986754966887,2.5,6.326241134751773,61.80868308669427,18.238548631498617,65.07960869565218,-222.49175133689835,120.205,9.03625031984483,5.659005368171848,7.633846153846157,-3.01,113.97647950089126,-0.214991882443428,0.2677019815891981,0.0129450894892215,0.2654244899749756,0.459048718214035,0.8160525560379028,0.0358266085386276,0.2974570393562317,0.0680749977473169,0.8387952297925949,0.0076032453216612,0.0922548174858093,0.0024797720834612,0.015011228621006,0.0035854566376656,0.0637679621577262,0.0195095650851726,0.3055036962032318,0.0089281499385833,0.2322230786085128,0.0174013283103704,0.1234053298830986,0.0363510325551033,0.3914816975593567,124.0,221.0,8.0,17.0,10.44,19.444444444444443,4.508021390374331,4.907103825136612,54.947384615384635,73.36017441860469,5.88802298850575,10.085261044176708,0.7474700142843107
1920,75170,14178781,18,74838,332,0.07384208581086889,0.3924230424652567,0.0624969019554555,-0.8909066272899508,0.9785752901807429,0.15092135408046986,0.20126333256118423,0.04383621923625465,0.0013076509349048,0.9023991823196412,0.6243152060790427,0.2291292595214755,0.6757734715938568,0.0170841831713914,0.96380877494812,0.22476343989133873,0.2504817396285052,0.1111048907041549,0.0052294209599494,0.9807455539703368,0.40411762765239756,0.36317255429812306,0.2730810408247635,0.0026314074057154,0.997191870585084,0.10316162891983771,0.20388374571034973,0.01774094533175225,0.0005315938033163,0.9937777519226074,0.02528695859421918,0.07678708353918863,0.0053981873206794,0.000147658138303,0.9841076135635376,0.10414946160891125,0.23262714439925666,0.00911041535437105,0.0002034227800322,0.995071828365326,0.1968065371236485,0.2692058264085048,0.0581358075141906,0.0008422644459642,0.9891330599784852,0.1867261096453561,0.26812969337287657,0.0448539443314075,0.0004008144314866,0.992049276828766,0.10997547501510135,0.157233668640345,0.0543478485196828,0.0005222060717642,0.9840696454048156,0.27389382912130206,0.26291039927083354,0.1795525029301643,0.0005024491110816,0.9704388976097108,188.62286816549155,102.17548736578745,154.0,99,1116,15.044379406678196,10.985225135821947,12.0,2.0,207.0,16.21679360666632,11.607019270654812,13.071428571428571,1.9836065573770492,250.5,4.73569418944946,0.2959035976756869,4.7254901960784315,3.694980694980695,6.303571428571429,62.821181219371894,16.733477591228233,65.41927254753493,-189.77339820359276,109.07130817610064,8.52573774045766,4.942960609238788,7.367277063159419,-1.0761509433962253,101.96008982035929,-0.1761485370807349,0.30408711172640324,0.009651949396356899,0.2307439520955085,0.46554598957300186,0.8171139657497406,0.03949858155101532,0.3289509639143943,0.054047586978413074,0.7948143091052771,0.007044447469525025,0.07179149799048898,0.00244154373649505,0.0154453625436872,0.0033807047293520753,0.046503863297402775,0.017981335986405573,0.2686183750629425,0.009565911488607476,0.25702714920043945,0.01923547778278585,0.13103188574314115,0.04761265218257898,0.4505930542945862,122.0,216.0,8.0,18.0,9.928571428571429,18.0,4.5344827586206895,4.924137931034482,55.8580615616918,73.45642718575286,5.711743259803922,9.63775243237346,0.4416655580683783
1930,47767,9117848,6,47601,166,0.10084622141593105,0.37983471412782244,0.0825342889875173,-0.8962172181345522,0.9818787893746048,0.1300147156355658,0.19098261932483804,0.0273463204503059,0.0014435375342145,0.9025325775146484,0.6391243475278768,0.23172753377275848,0.6970822811126709,0.0133788362145423,0.960830569267273,0.23086093705149685,0.25002333704258733,0.120731882750988,0.0056198057718575,0.9842499494552612,0.34825949118621957,0.3506412128544053,0.1749491989612579,0.0025861092435661,0.9971896195784212,0.09111384912650115,0.19239856642628714,0.0148633047938346,0.000486107339384,0.9925139546394348,0.027352498561958673,0.0754295540302427,0.0069325668737292,0.000182513569598,0.986445963382721,0.10177359850013885,0.2296514353541389,0.008846572600305,0.0002291538112331,0.9932676553726196,0.15537204355957945,0.23761832612633552,0.0413335114717483,0.00078185898019,0.9912133812904358,0.18415704607946826,0.2607248090766759,0.0461871996521949,0.0004125404811929,0.9908307790756226,0.09930832144437246,0.14533996749774872,0.0521816723048687,0.0005774064338766,0.9839282035827636,0.34092264268144323,0.28257019529182925,0.2805280089378357,0.0004869128169957,0.967592179775238,190.88173843867105,102.0915365913351,156.0,100,1052,13.814725647413486,11.664329135174103,11.0,2.0,294.0,17.70578737681487,10.54272140523916,15.357142857142858,2.353932584269663,192.0,4.800297926176377,0.29545683501585074,4.7894736842105265,3.8205128205128207,6.245283018867925,59.012612688972986,15.493208129997868,61.057500000000005,-123.97781249999996,100.24018997669,9.426864108376328,4.46369636353177,8.5816842549599,0.462006993006991,78.24989583333333,-0.11840204335749145,0.3206218341365456,0.0078726573847234,0.18068175017833704,0.48346516489982605,0.8340831100940704,0.04538103751838205,0.3393601328134537,0.04121500102337445,0.6941004248801619,0.0067889569327235,0.05355376750230785,0.00324705801904195,0.018787680193781797,0.0034688047599046997,0.044081164523959104,0.0144496234133839,0.17221122235059735,0.0099334283731877,0.2542251199483871,0.0197957241907715,0.11621598154306406,0.07570564001798624,0.5718960165977478,123.0,220.0,7.0,16.0,11.846153846153848,20.25,4.598360655737705,4.989041013631178,51.492253638023584,69.26382040309562,6.809375825913653,10.808880741507556,0.34752025456905394
1940,53056,9927270,8,52600,456,0.06299133406401033,0.37956433460942407,0.05306026339530941,-0.9047044087201356,0.9752776690293103,0.14852853691900342,0.19580622303508127,0.044240435585379545,0.001382284448482,0.9105469584465028,0.6399515920493286,0.2251865741207092,0.6927610039710999,0.0215898770838975,0.9627308249473572,0.21151987098301378,0.24299992120472308,0.09960549697279925,0.005515141878277,0.9768438935279846,0.3772722471948697,0.3548536061439987,0.214900960214436,0.0032263368193525,0.9973484337097034,0.10911709498536,0.2091312556493155,0.018468065187335,0.0005199711886234,0.9923332929611206,0.0260641797749008,0.07202916049069025,0.0072689929511397505,0.0002647790242917,0.9879685640335084,0.10705382871653277,0.22832361018552394,0.01076345890760415,0.0002327152324141,0.9942936301231384,0.16110132349297676,0.2373432924857408,0.04767980054020875,0.000651633949019,0.9888757467269896,0.16209854337899185,0.2435532177043164,0.037007108330726596,0.0004117486532777,0.9874623417854308,0.10804698497578943,0.15608635474499186,0.054636646062135655,0.0004523422103375,0.9818577766418456,0.32651804472137624,0.27826156952999503,0.2597634643316269,0.0005425665876828,0.9729289412498474,187.10928075995176,99.5318740757388,152.0,100,955,12.963114445114597,10.640731134636198,10.0,1.0,156.0,19.118023375263647,12.566098582181654,15.875,2.109375,234.0,4.82259671518117,0.30223075052267584,4.814814814814815,3.47972972972973,6.467741935483871,57.075757692930644,17.468571741052113,59.69524085294144,-155.22499999999997,100.57953846153846,10.047855277793555,5.273105142116674,8.895184443143789,0.716762778505899,93.04222222222222,-0.17663990659639234,0.27398814400658006,0.01038221945054825,0.23060626909136772,0.49214239418506617,0.8263782411813736,0.037916882894933175,0.2970223054289817,0.04895862692501393,0.7494272664189339,0.00795529806055125,0.08109147846698757,0.003306619240902275,0.0190872880630195,0.0037295844522304,0.0606045983731746,0.016137610655277926,0.18317299708724016,0.008980792714282801,0.21008909121155733,0.0211532264947891,0.12659886851906776,0.06778020970523357,0.5431768149137497,122.0,214.0,7.0,15.0,12.0,21.6,4.616541353383458,5.013582356019331,48.9925280103423,69.02418295454547,6.844767199663372,11.487812116852776,0.8594692400482509
1950,31718,6125192,6,31557,161,0.09193723952258805,0.3965970213869766,0.07503707846626635,-0.9105354989878832,0.9803327654954046,0.1410207335667036,0.19785162926560182,0.03228033706545825,0.0013331541558727,0.916496992111206,0.626021293609637,0.234336936225777,0.6835617423057556,0.0152986021712422,0.9636951684951782,0.23295797308929167,0.2587590215933852,0.11431594565510744,0.0044953078031539,0.9819601774215698,0.3545399014517717,0.35000167549940736,0.18348081596195695,0.0033883765572682,0.9969291205052286,0.10266026116148103,0.20696852043375488,0.01640217471867795,0.0004528560384642,0.990209937095642,0.023521502406239084,0.06710691147126652,0.00637390371412035,0.000183957061381,0.9811052680015564,0.08995167168293135,0.21160874997997384,0.0089761214330792,0.0002070932387141,0.9944039583206176,0.1619279686073592,0.24223001747997758,0.04409044794738285,0.0008388609858229,0.9900347590446472,0.16853788380639792,0.24783383621823374,0.0416992809623479,0.0003784856817219,0.9874810576438904,0.1104106133626105,0.15425677787976388,0.05864846147596835,0.0004095320182386,0.9804285168647766,0.34299009900014016,0.2791921736793865,0.27996706962585444,0.0007122611277736,0.970708429813385,193.11406772179834,103.85680801174027,157.0,100,924,14.753767576770288,11.246039438731124,12.0,2.0,203.0,16.560679108869465,10.958714078976634,13.692307692307692,2.477272727272727,164.0,4.808938492536159,0.2819155415414809,4.795698924731183,3.813725490196078,6.3896103896103895,59.5300632088572,15.188990027541863,61.87752696456087,-101.48475609756092,101.79236950549452,9.070213321118144,4.537600603835676,7.983880154109544,0.2724221611721624,68.15658536585366,-0.15829869173467156,0.3283705112989992,0.008275884436443375,0.21273687854409215,0.46606040745973587,0.8199847489595413,0.039881365373730625,0.346505232155323,0.041376385837793295,0.7062110374099575,0.007324167760089025,0.06551731936633585,0.003004210593644475,0.016296359244733976,0.0034021884202956503,0.03835408296436067,0.0150397766847163,0.1819216087460517,0.00973932677879925,0.21170093864202497,0.023248129989951825,0.13004199042916292,0.08264494314789765,0.5731964111328125,126.0,222.0,8.0,18.0,10.7,18.285714285714285,4.612068965517241,4.993464052287582,52.296642845501964,69.72546469075797,6.413533702798631,10.220753991615378,0.5075982092187401
1960,10151,1830237,2,10053,98,0.08124040960672879,0.3860287367026921,0.0676567330956459,-0.8986307731829584,0.9714356688782572,0.14302408362858696,0.19352902844567693,0.0389185920357704,0.0016264443984255,0.9057702422142028,0.6327114232033476,0.225720864931612,0.6849031448364258,0.0246170181781053,0.9682160019874572,0.22426449323531575,0.2500611171631998,0.1113836988806724,0.0058857919648289,0.9734093546867372,0.3501405733708664,0.3460793567288809,0.1842639548704028,0.0033366910065524,0.996007706038654,0.11028849413935679,0.21426990797768594,0.0187788438051939,0.0006302715046331,0.9902352094650269,0.02865128581013755,0.07750781215295666,0.0078792897984385,0.0003499992890283,0.976209819316864,0.09421822388478748,0.2144588575488303,0.0096769155934453,0.0002265492075821,0.992517352104187,0.14563385534672202,0.2298224119163542,0.0365543067455291,0.0009218123159371,0.9890266060829164,0.14383778817657716,0.2295437710764443,0.0317716151475906,0.0005180465523153,0.9878436326980592,0.10171416162303963,0.15443687534678746,0.0510676391422748,0.0006896109553053,0.9796158075332642,0.37565619094374947,0.2924258295367207,0.3243582844734192,0.000989300198853,0.9636940956115724,180.30115259580336,88.47403915046215,153.0,100,1073,11.44754211407743,6.320627082562498,10.0,2.0,68.0,18.396977254325403,10.576081057179286,15.857142857142858,3.4324324324324325,204.5,4.806854553356837,0.28384541157989035,4.7974683544303796,3.963768115942029,6.322033898305085,57.477725508247055,15.65349183279686,59.6319831223629,-131.25230440097795,95.93478260869568,9.81266087419435,4.50962695943989,8.902801992528023,1.1504072398190068,82.36988997555014,-0.16907595749944443,0.30542164226062596,0.00918626133352515,0.2223598957061767,0.48073241114616394,0.8218430280685425,0.0376959107816219,0.3297865241765976,0.0408067319076508,0.6908929068595171,0.0079058962874114,0.0755480416119098,0.0035701538436114,0.02056103572249405,0.0037248369771986497,0.04565096460282795,0.013376531656831451,0.1525727286934852,0.0086458907462656,0.15558566153049463,0.01955168880522245,0.11314653605222695,0.0975568890571594,0.6336148083209991,124.0,206.0,7.0,14.0,12.6,20.5,4.612556306306306,4.98752990430622,49.966214285714315,67.62806278538815,7.203900151809929,11.083636363636362,0.9654221258989262
