decade,variable,mean,cluster_bootstrap_ci_low,cluster_bootstrap_ci_high,n_publisher_clusters,n_bootstrap_samples
1840,sentiment_pos_minus_neg,0.18223130530113762,0.09103619076936838,0.1966343073486276,7,1000
1840,negative,0.1096362145734376,0.10247190729532435,0.15617837277339183,7,1000
1840,positive,0.29186751987457527,0.2298964550495747,0.3015258175683209,7,1000
1840,emotion_distress,0.33108178135694993,0.314349858402311,0.42615810395086284,7,1000
1840,fear,0.08774236851016964,0.082070872758356,0.11560276531740163,7,1000
1840,sadness,0.1718854572747063,0.15937125467937885,0.23490246008944962,7,1000
1840,joy,0.281293519509195,0.20141219211569691,0.2964480290837416,7,1000
1850,sentiment_pos_minus_neg,0.0768125519766164,0.04715874094446891,0.21689372553012018,7,1000
1850,negative,0.14129109631870382,0.12050589273527296,0.14796330195695523,7,1000
1850,positive,0.21810364829532022,0.19098419965278723,0.346600457999689,7,1000
1850,emotion_distress,0.41128276804399644,0.36030997314173774,0.4392488939164161,7,1000
1850,fear,0.11264933984161882,0.09972231776445195,0.12397770380051573,7,1000
1850,sadness,0.19215179728710946,0.14354653752575788,0.23762607338935537,7,1000
1850,joy,0.21040262247811597,0.15197101137608932,0.2241203099748506,7,1000
1860,sentiment_pos_minus_neg,0.007171028789049335,-0.022428570055048575,0.021364650952698332,14,1000
1860,negative,0.1641870491185611,0.15109420792467704,0.1939012643437843,14,1000
1860,positive,0.17135807790761046,0.16597706324591283,0.17963725265129854,14,1000
1860,emotion_distress,0.49952017449097624,0.4864923567639067,0.5224718073498265,14,1000
1860,fear,0.15649328955869407,0.1462781553153553,0.16380623344056297,14,1000
1860,sadness,0.201802289444084,0.19654254823707967,0.2078112396824231,14,1000
1860,joy,0.17967351395837275,0.14519432617830078,0.19648838685328773,14,1000
1870,sentiment_pos_minus_neg,-0.017810282839949627,-0.044761630868430886,0.01474236490561002,19,1000
1870,negative,0.18178776378289319,0.16995545505896364,0.20771144764072919,19,1000
1870,positive,0.16397748094294354,0.1511837643527284,0.19944377504117197,19,1000
1870,emotion_distress,0.5263528107040811,0.5029975203944111,0.5412986437959609,19,1000
1870,fear,0.16037299344778885,0.15059666377803105,0.16479770331190166,19,1000
1870,sadness,0.22578482547397802,0.206784713679239,0.23425495303742727,19,1000
1870,joy,0.1523452466189363,0.14100115031706387,0.15815679353507575,19,1000
1880,sentiment_pos_minus_neg,-0.03386328789336596,-0.06136849272018331,0.026930014376173823,19,1000
1880,negative,0.21342038283986453,0.20059480213434072,0.226799894006379,19,1000
1880,positive,0.17955709494649857,0.15456374735426864,0.22555004452738897,19,1000
1880,emotion_distress,0.5269057440191255,0.4759377620698837,0.5519826769762253,19,1000
1880,fear,0.16042784396996698,0.13775188357547521,0.1718964691222305,19,1000
1880,sadness,0.22823892981464725,0.21214423602631555,0.23871868915337785,19,1000
1880,joy,0.14612558656930874,0.128617812436545,0.16411990320542202,19,1000
1890,sentiment_pos_minus_neg,-0.016952145532127802,-0.03308390580129585,2.41267817254318e-06,26,1000
1890,negative,0.2051547655332693,0.1981964434660873,0.21370770280826487,26,1000
1890,positive,0.18820262000114152,0.1755378642941291,0.20285834894921292,26,1000
1890,emotion_distress,0.516821481960921,0.5001348301115036,0.5317258784297076,26,1000
1890,fear,0.1530516726553089,0.14820785042274046,0.15995179115483257,26,1000
1890,sadness,0.22824323746302774,0.21420213954770517,0.24125695325984517,26,1000
1890,joy,0.16377226630602076,0.15327809138342663,0.17329075631634766,26,1000
1900,sentiment_pos_minus_neg,0.025499453955025755,-0.002506462780604856,0.05077488050397316,33,1000
1900,negative,0.18158726278544715,0.1743280390907487,0.191477525864376,33,1000
1900,positive,0.20708671674047288,0.18426380838191905,0.22500872987889084,33,1000
1900,emotion_distress,0.47278840457359994,0.4509538976198436,0.49663679631456537,33,1000
1900,fear,0.1370551277329412,0.1301993659411966,0.1440196485976647,33,1000
1900,sadness,0.21739236392426164,0.20422717111096214,0.2314596611336812,33,1000
1900,joy,0.18416114404200798,0.17273369873549904,0.19358876877244097,33,1000
1910,sentiment_pos_minus_neg,0.04394872696710819,0.02105048715617693,0.06667522118327476,29,1000
1910,negative,0.16726899478603507,0.15729753050550097,0.18043104441367688,29,1000
1910,positive,0.21121772175314327,0.19343203343544715,0.2269740394882036,29,1000
1910,emotion_distress,0.44606522935659576,0.4251286240516719,0.4667378219804569,29,1000
1910,fear,0.11887244915644918,0.1122754448570652,0.12508270390739984,29,1000
1910,sadness,0.21014650038216806,0.19904219742917187,0.22450589646556052,29,1000
1910,joy,0.18263995220497614,0.16905803348738538,0.19537433417002095,29,1000
1920,sentiment_pos_minus_neg,0.07384208581086889,0.04837692955821099,0.09431293240938272,18,1000
1920,negative,0.15092135408046986,0.13626563744786352,0.16813696013989318,18,1000
1920,positive,0.22476343989133873,0.20958412378469443,0.23505985577700444,18,1000
1920,emotion_distress,0.4041176276523976,0.3815808789859223,0.4320031988528734,18,1000
1920,fear,0.10414946160891125,0.09714265025055145,0.11202575004911011,18,1000
1920,sadness,0.1968065371236485,0.18339278293802797,0.21675893192126885,18,1000
1920,joy,0.1867261096453561,0.17287638291695698,0.19900410492043757,18,1000
1930,sentiment_pos_minus_neg,0.10084622141593105,0.08453521214618838,0.13262389568993704,6,1000
1930,negative,0.1300147156355658,0.12389579569253628,0.1383008683930108,6,1000
1930,positive,0.23086093705149685,0.21243639909158532,0.2691846241879706,6,1000
1930,emotion_distress,0.34825949118621957,0.3325161261876637,0.3550148207460626,6,1000
1930,fear,0.10177359850013885,0.09782558897699949,0.10322515770594344,6,1000
1930,sadness,0.15537204355957945,0.14410666587537113,0.16091922379616727,6,1000
1930,joy,0.18415704607946826,0.1726643953654369,0.1975830049177645,6,1000
1940,sentiment_pos_minus_neg,0.06299133406401035,0.048483346270474334,0.1333997698351437,8,1000
1940,negative,0.14852853691900342,0.137506605909244,0.15652353864067908,8,1000
1940,positive,0.21151987098301378,0.19408605806254797,0.2588710354411287,8,1000
1940,emotion_distress,0.3772722471948697,0.3325835930323898,0.3833855398139912,8,1000
1940,fear,0.10705382871653278,0.0916914836328435,0.10907085904285409,8,1000
1940,sadness,0.16110132349297676,0.14652192463758912,0.1648879156171811,8,1000
1940,joy,0.16209854337899185,0.15741501748366246,0.21764556169322297,8,1000
1950,sentiment_pos_minus_neg,0.09193723952258805,0.07717238981757878,0.37547365365569,6,1000
1950,negative,0.1410207335667036,0.07085568460483342,0.14645652766158818,6,1000
1950,positive,0.23295797308929167,0.2230878535967592,0.44678165615231646,6,1000
1950,emotion_distress,0.3545399014517717,0.20271723283786916,0.3628479586262865,6,1000
1950,fear,0.08995167168293135,0.03934001628031033,0.09214996714776989,6,1000
1950,sadness,0.1619279686073592,0.10998562118954093,0.1647743130576014,6,1000
1950,joy,0.16853788380639792,0.1603948818616282,0.38306999968987837,6,1000
1960,sentiment_pos_minus_neg,0.08124040960672879,0.07304531650090265,0.08607812084325596,2,1000
1960,negative,0.14302408362858696,0.14039500652216097,0.14747774582877732,2,1000
1960,positive,0.22426449323531575,0.22052306232967997,0.22647312736541692,2,1000
1960,emotion_distress,0.3501405733708664,0.3486321476271903,0.3526958497832562,2,1000
1960,fear,0.09421822388478748,0.09306795501303562,0.09616678179571958,2,1000
1960,sadness,0.14563385534672202,0.1446278603569558,0.14622771232955759,2,1000
1960,joy,0.14383778817657716,0.1385271212470981,0.14697277062844577,2,1000
