five_year_period,n_articles,total_words,n_publishers,n_article_like_or_uncertain,n_non_article_like,sentiment_pos_minus_neg_mean,sentiment_pos_minus_neg_std,sentiment_pos_minus_neg_median,sentiment_pos_minus_neg_min,sentiment_pos_minus_neg_max,negative_mean,negative_std,negative_median,negative_min,negative_max,sent_neutral_mean,sent_neutral_std,sent_neutral_median,sent_neutral_min,sent_neutral_max,positive_mean,positive_std,positive_median,positive_min,positive_max,emotion_distress_mean,emotion_distress_std,emotion_distress_median,emotion_distress_min,emotion_distress_max,anger_mean,anger_std,anger_median,anger_min,anger_max,disgust_mean,disgust_std,disgust_median,disgust_min,disgust_max,fear_mean,fear_std,fear_median,fear_min,fear_max,sadness_mean,sadness_std,sadness_median,sadness_min,sadness_max,joy_mean,joy_std,joy_median,joy_min,joy_max,surprise_mean,surprise_std,surprise_median,surprise_min,surprise_max,emo_neutral_mean,emo_neutral_std,emo_neutral_median,emo_neutral_min,emo_neutral_max,word_count_mean,word_count_std,word_count_median,word_count_min,word_count_max,n_sentences_mean,n_sentences_std,n_sentences_median,n_sentences_min,n_sentences_max,avg_sentence_length_mean,avg_sentence_length_std,avg_sentence_length_median,avg_sentence_length_min,avg_sentence_length_max,avg_word_length_mean,avg_word_length_std,avg_word_length_median,avg_word_length_min,avg_word_length_max,flesch_reading_ease_mean,flesch_reading_ease_std,flesch_reading_ease_median,flesch_reading_ease_min,flesch_reading_ease_max,flesch_kincaid_grade_mean,flesch_kincaid_grade_std,flesch_kincaid_grade_median,flesch_kincaid_grade_min,flesch_kincaid_grade_max,sentiment_pos_minus_neg_q25,sentiment_pos_minus_neg_q75,negative_q25,negative_q75,sent_neutral_q25,sent_neutral_q75,positive_q25,positive_q75,emotion_distress_q25,emotion_distress_q75,anger_q25,anger_q75,disgust_q25,disgust_q75,fear_q25,fear_q75,sadness_q25,sadness_q75,joy_q25,joy_q75,surprise_q25,surprise_q75,emo_neutral_q25,emo_neutral_q75,word_count_q25,word_count_q75,n_sentences_q25,n_sentences_q75,avg_sentence_length_q25,avg_sentence_length_q75,avg_word_length_q25,avg_word_length_q75,flesch_reading_ease_q25,flesch_reading_ease_q75,flesch_kincaid_grade_q25,flesch_kincaid_grade_q75,share_non_article_like_percent
1840-1844,2782,540555,7,2649,133,0.19413770699150804,0.3698085796165751,0.17031565960496658,-0.8584036896936595,0.9693900207057596,0.10942784556323935,0.15797461529251322,0.033222733065485954,0.0017915056087076,0.8644465208053589,0.5870066014594532,0.2186280479592584,0.6284488141536713,0.023903951048851,0.9321720600128174,0.3035655525547474,0.25946546098625584,0.217506930232048,0.0060428311116993,0.972743034362793,0.32056337915623967,0.3417760793681854,0.14272179361432785,0.0034794241655617,0.99455243954435,0.07194739917062114,0.16692271347992152,0.013999325223267,0.0005980140413157,0.9870471954345704,0.024558093797119675,0.0759762442594982,0.0052751009352505,0.00030776715721,0.9681873917579652,0.07986670628289295,0.21080926397364047,0.0062952677253633495,0.0002081381971947,0.9901272058486938,0.1687492737027255,0.24565393656214216,0.0464779250323772,0.001393404440023,0.9905073642730712,0.2967192712854114,0.31832062612380385,0.1498719528317451,0.00036383481347,0.9882895946502686,0.08354290262072465,0.13077179990274967,0.04130420088768005,0.0009262682287953,0.98201721906662,0.2746163543896571,0.2452200329173963,0.20365066826343536,0.0014391026925295,0.9187374711036682,194.30445722501798,111.61290970417481,156.0,100,1168,8.203091301222143,5.572388309873895,7.0,2.0,79.0,27.858905934492064,14.237684301392388,24.605555555555554,5.2,124.0,4.850875114481911,0.2731204507841976,4.865015337423313,3.935860058309038,5.8053097345132745,47.5155193123319,17.676704517661374,49.148735294117664,-55.135483870967704,90.12300000000002,13.552795486284914,5.73691968119353,12.4239696969697,3.372,51.754677419354834,-0.0245170854032039,0.4625914709176868,0.014720869483426125,0.13232759013772005,0.4403311237692833,0.767427995800972,0.08298654295504092,0.4833371490240097,0.0360588677576743,0.632233171723783,0.0068624297855421,0.03904401697218415,0.0025273819337598502,0.013679878553375576,0.0021574649726971503,0.02572149131447075,0.0168835022486746,0.20847022160887718,0.027716935612261275,0.5363109260797501,0.016475943382829376,0.0935372449457645,0.0545045938342809,0.4552110433578491,125.0,229.0,5.0,10.0,18.11111111111111,33.983333333333334,4.669583122505201,5.0424030029232,37.78507352941179,59.730182202518975,9.543827251105133,16.04410306572435,4.780733285406183
1845-1849,1784,347269,4,1692,92,0.16366425961581782,0.36645808492362003,0.12959281774237752,-0.8549232929944992,0.9666247533168644,0.10996114875862345,0.16495423321110525,0.03136908635497085,0.0022582744713872,0.8678171634674072,0.616413443776332,0.22266852251453945,0.6718493103981018,0.0282182674854993,0.9399690628051758,0.27362540837444127,0.2544140330202487,0.1710810512304306,0.0071391896344721,0.969203233718872,0.34748435698608443,0.3575274940708413,0.1538517563603818,0.0041545460117049,0.9958515736507252,0.07068447121604332,0.1693225946841592,0.013954494614154048,0.0007427170057781,0.9931260347366332,0.02165700726262879,0.07383312419562453,0.0051741490606218,0.0003352897183503,0.9574911594390868,0.10002381039149465,0.23663008213294429,0.00712551688775415,0.0002638362930156,0.9922072291374208,0.17677607537854634,0.25725286284546905,0.04323104768991465,0.0010753982933238,0.9834185242652892,0.2572383393290191,0.3011020101501332,0.1050396747887134,0.0008410374284721,0.990778923034668,0.09280627394170624,0.13810785987860305,0.04776938259601585,0.0009653387241996,0.983717441558838,0.2808140223805903,0.25546436118937016,0.19534039497375483,0.0011618278222158,0.9394736289978028,194.65751121076232,117.17574257969316,159.0,100,1268,8.519058295964125,5.756186265587442,7.0,2.0,104.0,26.706075356442767,14.127012223123987,23.142857142857142,6.2,163.5,4.823577042797839,0.2596952694713491,4.824713740458016,3.7848101265822782,5.673611111111111,49.33503888597403,16.956625362851096,52.0489970553349,-85.11199541284401,96.0461682242991,13.01261379328445,5.62053407563484,11.626772893772895,3.1698518518518526,65.7487003058104,-0.053285164758563,0.41466884268447757,0.01328325946815305,0.1289064399898052,0.4670198485255241,0.7978205531835556,0.06432639434933657,0.4370129778981209,0.038883286120835595,0.7022347771562636,0.0070171589031815,0.03611439559608692,0.00245390419149765,0.013273925753310276,0.002593627490568875,0.03919918462634085,0.016900226473808275,0.21102170646190643,0.022611747030168702,0.43116380274295807,0.01857038214802735,0.11743988096714011,0.05260526854544875,0.465567983686924,126.0,222.25,5.0,10.0,17.285714285714285,31.556250000000002,4.6540620268365265,4.995901639344262,41.57552229020982,60.10850961538462,9.419696969696972,14.944388278388281,5.15695067264574
1850-1854,1903,407531,4,1855,48,0.10250648861840031,0.41119173592998265,0.0590142570436,-0.840227191336453,0.971578826662153,0.14201962173129937,0.2008951784840338,0.0365513786673545,0.0020637568086385,0.8519110679626465,0.613454268037435,0.2468056445786882,0.674862802028656,0.0230756737291812,0.9408121705055236,0.24452611034969965,0.27319766093002434,0.1073026061058044,0.0081025464460253,0.9741543531417848,0.3886806399037688,0.3787597131196723,0.2003540070727467,0.003084312309511,0.9966105305356904,0.10153416356613099,0.2117641371419339,0.0152013674378395,0.0007107432466,0.9931640028953552,0.019736822667072565,0.06609830052643025,0.0041638975962996,0.0003359759866725,0.6969628930091858,0.10507238569695848,0.2388747438397072,0.0087916441261768,0.0002484390279278,0.9917426705360411,0.18207409064067917,0.26649965412283944,0.0482160113751888,0.0010944714304059,0.9868748784065248,0.22861353195346037,0.29625728494291464,0.0696618556976318,0.0004628901951946,0.9895254373550416,0.10685829944871053,0.14729329523506468,0.0632139220833778,0.0006692942697554,0.9735065698623656,0.25611070641076666,0.25702548168050143,0.1569577902555465,0.0007239785627461,0.9190301895141602,214.1518654755649,134.11641581868042,173.0,100,1532,10.29059379926432,7.078733335166165,8.0,2.0,65.0,24.59703603336819,13.064611625409885,21.666666666666668,4.375,143.0,4.7923197130137,0.27309413759114587,4.801470588235294,3.906040268456376,5.613756613756614,53.29486618205686,16.188758679985533,55.90692307692308,-68.75965034965031,98.05980194805196,11.936353254905779,5.247956655289097,10.768888888888888,1.6240546218487424,58.3751048951049,-0.1394485160708427,0.357152696698904,0.011646688915789051,0.1918483898043632,0.4188753664493561,0.8308430910110474,0.041140729561448056,0.3780643194913864,0.03968737705145025,0.8064091911073774,0.0072046609129755995,0.061771897599101,0.0020772601710632,0.0098254950717091,0.0027520693838595997,0.044305464252829496,0.0156248775310814,0.2210871279239654,0.01076309476047745,0.3544476628303528,0.01974874269217245,0.13035525381565088,0.03150004148483275,0.44901806116104126,129.0,253.0,6.0,13.0,16.0,29.0,4.608695652173913,4.97638695288542,45.83030750109964,63.16374185699711,8.488905000914961,13.980539937527894,2.5223331581713087
1855-1859,3098,808284,5,3019,79,0.06102960768051739,0.35910502932033805,0.0375880999490618,-0.8481435151770711,0.9645911185070872,0.14084358700296162,0.1826791054850977,0.05085520632565015,0.0021166785154491,0.8581740260124207,0.6572832186749052,0.21878578138334867,0.7190874218940735,0.0294378548860549,0.9529842734336852,0.20187319468347903,0.23460640347945438,0.09106297045946116,0.0065960339270532,0.9675766229629515,0.4251665155749368,0.37250065592061743,0.3157919580116868,0.0029900789086241,0.9964528473792598,0.10952069817330796,0.21522528312569827,0.01804466731846325,0.0007261825958266,0.990368902683258,0.020702350167301268,0.07225712707226149,0.0047279244754463,0.0002629044756758,0.9761511087417604,0.11730361477295796,0.24975936908145763,0.01140755694359535,0.0002128118940163,0.9937343001365662,0.19834220262867075,0.2710920638928847,0.060193583369254997,0.0011652064276859,0.987795352935791,0.19921625684493963,0.2809568360860874,0.0483420398086309,0.0004908284754492,0.9892684817314148,0.10457627073579974,0.14098418545095956,0.055316079407930346,0.00069963716669,0.9804731607437134,0.25033860568099126,0.2588978162402323,0.1470964178442955,0.0008981103310361,0.9619951248168944,260.90510006455776,209.6804725791603,190.0,100,1592,10.780180761781795,8.602424793866044,8.0,2.0,112.0,27.405608398749923,14.144315735373434,24.4,5.909090909090909,165.0,4.800127190834544,0.28969413101558994,4.7928932178932175,3.837004405286343,5.925925925925926,49.497609732103,17.45554860772315,51.201804195804215,-94.20545454545451,96.6734811886986,13.163721948909128,5.675491667778676,12.135648967551624,2.1031796223100585,67.38969696969698,-0.1464059678837657,0.23766566638369108,0.01608969550579785,0.197602666914463,0.5180659294128418,0.8360335379838943,0.041669229976832825,0.26559726148843765,0.053185653116088305,0.8310267711058259,0.007980254245921924,0.07558217272162435,0.0022344496683217247,0.0118953371420502,0.0034174214815720252,0.060296491719782325,0.018010230269283,0.2743158563971519,0.01051163719967005,0.28580585122108454,0.017875595018267576,0.13714716583490366,0.03393076360225675,0.406102180480957,137.0,296.75,6.0,13.0,17.865079365079367,33.5,4.61489196415667,4.987460443037975,40.413432359307365,60.891174914939704,9.416046942989896,15.691325549450553,2.5500322788896064
1860-1864,5175,1417384,10,5034,141,0.0033373981311125476,0.3273274783960956,-0.0091226696968078,-0.8865915997885168,0.9666584881488234,0.15041142286741788,0.17622556215518537,0.0738044306635856,0.0020659114234149,0.8922172784805298,0.695839756011315,0.21109174770060965,0.772007167339325,0.026913171634078,0.9525821805000304,0.1537488209985304,0.21165078133080364,0.0607906877994537,0.005625678692013,0.9698726534843444,0.5192409020510209,0.35636672087726806,0.5645473280455917,0.0034145397657994,0.997332784696482,0.14564262099458342,0.2340350459864332,0.0342369787395,0.0006194710149429,0.9919360876083374,0.021238696712000554,0.06745439266158819,0.006265124771744,0.0002605796034913,0.9635736346244812,0.17091726831049972,0.28689200284379107,0.0261484012007713,0.000233750368352,0.9935692548751832,0.2026810127459376,0.25702447914831655,0.0825090408325195,0.0012003234587609,0.98872709274292,0.15320744075410847,0.26191842683044353,0.0262439977377653,0.0004367887158878,0.9890576004981996,0.10139328394910757,0.14813367719998197,0.0496761463582515,0.0004986906424164,0.9789847731590272,0.20491967647210443,0.22207704096629977,0.1117982044816017,0.0006443007732741,0.9490908980369568,273.8906280193237,233.88802131032338,187.0,100,1697,13.195169082125604,10.777423460236475,10.0,2.0,99.0,23.35941807045706,12.259976312742994,20.5,4.142857142857143,120.5,4.821250241599537,0.237588441967228,4.812655086848635,3.9274193548387095,6.0,52.18993505702338,14.184023617315047,54.20681506849317,-39.03764522821574,92.17508064516132,11.783010117185821,4.809884391021531,10.72120786516854,3.4950869565217424,48.63985477178423,-0.1685280567035079,0.1130750081501901,0.0262513719499111,0.21301695704460138,0.575425535440445,0.8615804612636566,0.03343905322253695,0.1491618677973747,0.13700830726884305,0.8777815564535558,0.01096579991281025,0.15755446255207062,0.00259892165195195,0.01508209621533745,0.00662225647829465,0.16447523236274714,0.02311485353857275,0.27890297770500183,0.0074874286074191,0.13882996141910547,0.0159331299364566,0.12847068160772318,0.028924034908413852,0.3220843970775604,130.0,308.5,6.0,16.0,15.428571428571429,27.5,4.6701466838124714,4.970873786407767,45.87109660795828,61.157054891429894,8.743141590678826,13.4086173364576,2.7246376811594204
1865-1869,6514,1617697,13,6395,119,0.010216628828168596,0.3911206513630376,0.0051007345318794,-0.8636365127749741,0.9806462975684552,0.17513099536505583,0.21275135077131246,0.0667769275605678,0.0015849116025492,0.8706400394439697,0.6395213797586687,0.23180121302264925,0.7037220895290375,0.015474485233426,0.954595386981964,0.18534762419322443,0.24101959621350458,0.06689785420894614,0.0058765220455825,0.982585906982422,0.4838531856786903,0.37631131048469474,0.4836818600306287,0.0032971443142741,0.9971489907475188,0.1377147272051855,0.23581059813969624,0.025488017126917797,0.0005531129427254,0.9906898736953736,0.02441699505575686,0.07614553918164191,0.00587727525271475,0.0002406701823929,0.9853684306144714,0.1450342643759194,0.2740867196090208,0.0158401764929294,0.0001722509769024,0.9928513765335084,0.2011041940975853,0.27114372941598136,0.0640477910637855,0.0009449620265513,0.9874967336654664,0.20069929363784278,0.298497435298964,0.035662667825818,0.0003651813312899,0.990204930305481,0.09127272320311515,0.136624775341666,0.04304850287735455,0.000804613053333,0.9795698523521424,0.19975780170152052,0.23568841367866358,0.08905572444200516,0.0004833918646909,0.957697331905365,248.34157199877188,201.43706458248855,178.0,100,1626,11.227817009517961,8.856672331989852,9.0,2.0,115.0,25.480574471643518,14.281839976757126,21.875,3.939393939393939,171.0,4.81181004016047,0.26741054139289877,4.803324737520722,3.8828828828828823,5.811881188118812,50.48797387128921,16.959944766627537,52.70791056097647,-96.10692982456136,93.26051829268296,12.547353924223634,5.666671139770988,11.285091390476872,2.4606418604651203,67.5721052631579,-0.23551481403410435,0.2021519151749089,0.017442713025957273,0.2745390832424164,0.4782078117132187,0.8336626440286636,0.02979054208844895,0.23309608921408648,0.07377148454543198,0.8794306954368949,0.008166994201019375,0.1373444311320781,0.0024813953205011247,0.015951051376759975,0.004382666200399325,0.09762975573539731,0.017882937099784574,0.27601308375596995,0.006921529304236125,0.2748396843671798,0.01371912402100855,0.11146980151534079,0.02321431832388037,0.3087221160531044,130.0,283.0,6.0,13.0,16.11111111111111,30.4,4.638579528196821,4.9844860826605615,42.267361810671545,61.65401633165831,8.838346320346323,14.60666666666667,1.826834510285539
1870-1874,7281,1608632,16,7197,84,-0.02026369397944117,0.3806809785479683,-0.0244164653122425,-0.904599716886878,0.9774227852467448,0.18412360997527824,0.21627303500856312,0.0816006734967231,0.0019247805466875,0.91163569688797,0.6520164744201176,0.23178253857268236,0.7162511348724365,0.018171714618802,0.9497987031936646,0.16385991599583705,0.22923034380391652,0.0540026426315307,0.006142845377326,0.9796255230903624,0.5100540908862153,0.3698535380171734,0.5362830609083176,0.003010945074493,0.9965538727119564,0.13875975213954853,0.24194279568303795,0.0254520494490861,0.0006281649693846,0.990349292755127,0.031051791896917067,0.09370800821435234,0.0066763940267264,0.0002566814946476,0.9842965006828308,0.16381196940396117,0.29066983642678434,0.0202693883329629,0.0001997017097892,0.9920875430107116,0.2074823693427055,0.2698626470157792,0.0711195096373558,0.0009978259913623,0.9893651008605956,0.15344250189833908,0.26509074462668464,0.0228285733610391,0.0004386033397167,0.9906573295593262,0.07596752199120103,0.12230298270506104,0.0331783406436443,0.0005161251174286,0.978830099105835,0.2294840929153349,0.25665212507717206,0.1070032566785812,0.0005443100235424,0.9429866075515748,220.9355857711853,160.7532077123115,170.0,100,1850,12.042576569152589,9.235909979022061,10.0,2.0,126.0,21.17673345847621,10.77052009299103,18.545454545454547,4.689655172413793,139.5,4.8141907125409205,0.28334707497579525,4.805755395683454,3.6818181818181817,5.9765625,54.61627014355707,14.399079406516943,55.91135294117649,-67.2671774193548,100.96585137614682,10.902345383012074,4.3654909920029406,9.982433526011562,1.3429100917431214,57.29743727598566,-0.2493876963853836,0.1432225368916988,0.0204905122518539,0.2873302102088928,0.4906484484672546,0.85184645652771,0.0277382060885429,0.177426591515541,0.106660284101963,0.8914437405765057,0.0092817796394228,0.1207003742456436,0.0029982961714267,0.0177884735167026,0.0053995000198483,0.1236911937594413,0.0187834613025188,0.2986680567264557,0.005570201203227,0.1389772742986679,0.0113986767828464,0.0895764306187629,0.0235000643879175,0.3916754424571991,129.0,248.0,7.0,14.0,14.142857142857142,25.071428571428573,4.616822429906542,5.007936507936508,47.23605162116043,63.94786056770235,8.144550898203594,12.499881188118811,1.1536876802637
1875-1879,12577,3038223,17,12470,107,-0.0163899690523502,0.3758280037558833,-0.0416997242718935,-0.8940318841487169,0.973927996121347,0.18043550997620195,0.20093838088853613,0.0931070372462272,0.0018292025197297,0.8996487259864807,0.6555189490784811,0.2297699174894166,0.7262338399887085,0.0215435773134231,0.9475873708724976,0.16404554092385173,0.23800045950223397,0.0491816364228725,0.0056168418377637,0.9761921763420104,0.5357883660029505,0.35785026995448915,0.5961096994578838,0.0032108845480252,0.9972969428636134,0.14102587194761396,0.23852481527093417,0.0294024515897035,0.0005012986948713,0.99146831035614,0.0251525427825412,0.08221888356147102,0.0056600929237902,0.0001698207051958,0.9898732900619508,0.15838212249788897,0.2827807650507144,0.0212537124752998,0.0001998135703615,0.9933202266693116,0.23638037155744748,0.2779048560267275,0.1021869927644729,0.0009505211492069,0.9866690635681152,0.15171003029633698,0.2680670513953945,0.0228961277753114,0.000449331884738,0.9915693402290344,0.09533414982583034,0.14758778066521783,0.0405213534832,0.0006090761744417,0.982109546661377,0.19201491158888426,0.2208851344105349,0.0915267243981361,0.000476477202028,0.9506012201309204,241.5697702154727,185.30551998483668,182.0,98,1598,13.531764331716625,10.983794013359717,10.0,2.0,129.0,21.247704645425408,11.622446862891533,18.666666666666668,3.7777777777777777,143.5,4.781571459167809,0.3091327397865123,4.742528735632184,3.751173708920188,5.993939393939394,56.04893249323994,15.11225426235733,57.9142307692308,-71.63744584837542,96.13100913242008,10.720148996603722,4.657271648150854,9.785922836287805,1.8640518331226303,57.88998257839721,-0.2410142086446285,0.1241430230438709,0.0254640970379114,0.2772084474563598,0.5019105076789856,0.8481958508491516,0.0277066510170698,0.161996454000473,0.1521227583289146,0.8878654316067696,0.0098451152443885,0.1307425796985626,0.0024963435716927,0.0146428393200039,0.0057619451545178,0.1236647590994834,0.0224482994526624,0.3845643699169159,0.0062290201894938,0.1274794638156891,0.0146611696109175,0.1114886924624443,0.022933704778552,0.2993144392967224,135.0,272.0,7.0,16.0,13.88888888888889,25.3125,4.568862275449102,4.945606694560669,47.93750000000003,66.40897435897438,7.721346153846152,12.51835545722714,0.8507593225729507
1880-1884,8124,1549000,15,8053,71,-0.0014728192179642617,0.4303628496539343,-0.02521317265927785,-0.9053043271414936,0.971000996651128,0.20246578285043346,0.22663656901262635,0.09692155569791791,0.0014346267562359,0.9112671613693236,0.5965412530827037,0.2431649668065766,0.6446354687213898,0.0232934933155775,0.9596829414367676,0.20099296363246918,0.2660950157184878,0.06326954066753385,0.0059628342278301,0.9738537669181824,0.5082447011003745,0.37480938339658476,0.5536948451772332,0.0037752880598418,0.9967054133303463,0.12245176780891749,0.22312326947665775,0.02152851875871415,0.0005742904613725,0.9877804517745972,0.03456374041857659,0.10029767017543179,0.0062553773168474,0.0002181525196647,0.9858291745185852,0.14995651649300357,0.28200118041372324,0.016173266805708353,0.0002020930405706,0.9931870698928832,0.23583641679845332,0.29519162312733066,0.07890066131949419,0.0010222216369584,0.9882914423942566,0.1493761517790273,0.2576474038942823,0.02255679387599225,0.0005046151927672,0.9888174533843994,0.09268906508575232,0.14435927945269805,0.0394916627556085,0.0006309723830781,0.982069492340088,0.2151263415443837,0.2541061346964051,0.0914812013506889,0.0005631108069792,0.9662540555000304,190.66962087641556,116.73007342122625,155.0,100,1408,11.65288035450517,8.774263750895015,10.0,2.0,138.0,19.5372090758186,10.674964748037233,17.0,3.7941176470588234,182.5,4.691542076962413,0.28783958916196256,4.681497979048091,3.481375358166189,7.067729083665339,60.516220053280946,15.162834201250826,62.203052479330545,-115.84852739726026,103.92305342535788,9.67211733472535,4.441531121120875,8.791582062721996,0.4513880368098171,74.75595890410958,-0.3053213432431221,0.214764435775578,0.018851727712899426,0.3404108136892318,0.41552906483411783,0.8064546883106232,0.027845168020576225,0.2519239410758018,0.08629486034624277,0.8927291908767074,0.007843576138839075,0.10266607627272603,0.002597443468403,0.018484167288988752,0.004146163701079725,0.1012285184115171,0.018965240567922523,0.3746578097343445,0.00612566270865495,0.14262156188488,0.012242972850799474,0.10968613624572753,0.022575560491532,0.3386289030313492,122.0,214.0,7.0,14.0,12.77777777777778,22.833333333333332,4.496322924098568,4.869629534345254,52.47772727272729,70.64929967714141,6.840863724264565,11.293680952380955,0.8739537173806007
1885-1889,14109,2886968,17,13982,127,-0.05251380653529405,0.4091393145853501,-0.0597237534821033,-0.8914180449210107,0.9701658335980028,0.21972807086269666,0.23149632635326264,0.1208325549960136,0.0016208188608288,0.8983588218688965,0.6130576644509184,0.23189560162224518,0.6591156721115112,0.0241217575967311,0.9532065987586976,0.1672142643274026,0.23873568062702974,0.0515026450157165,0.0056014866568148,0.9730220437049866,0.537650822527307,0.3668548120675545,0.6237462945282459,0.0032450536964461,0.9972140369936824,0.14732928368730883,0.24567372086401643,0.0281055662781,0.0005962506402283,0.9927932024002076,0.03069649095218237,0.09081444739815901,0.0064700674265623,0.0002401950478088,0.987015962600708,0.16645726238536504,0.2918146656273609,0.018910339102149,0.0002019674575421,0.994686722755432,0.22386427645463305,0.2799851216075248,0.0815223604440689,0.0009840996935963,0.9909157156944276,0.1442539024128304,0.26024171701231963,0.0183421522378921,0.0004890192649327,0.9903079867362976,0.10138812571653108,0.1548355772019145,0.0443851128220558,0.0006622199434787,0.9826884865760804,0.1860106579921404,0.2282972306868428,0.0764371827244758,0.0003449601354077,0.9581486582756042,204.6188957403076,138.40760916446752,159.0,85,1472,11.954071869019774,9.78584205610494,10.0,2.0,222.0,20.203309973901604,10.556179333192103,17.5,4.115384615384615,122.0,4.689461626920833,0.2742384117056009,4.672131147540983,3.791208791208791,6.135869565217392,59.52944834290416,14.475665040856514,61.75000000000003,-48.749098360655694,101.62481707317076,9.975230204198832,4.350579969619245,8.992069632495166,0.8865546218487417,50.36704918032787,-0.3490052670240402,0.1458297818899154,0.0234097559005022,0.3790681362152099,0.4438189566135406,0.8121941685676575,0.0240540746599435,0.1837304979562759,0.1279588474426418,0.8977358462288976,0.0088220564648509,0.1466943621635437,0.0026961420662701,0.0178298968821764,0.0050355298444628,0.142198771238327,0.0194855872541666,0.3483631908893585,0.0049932738766074,0.1186724603176117,0.0136800771579146,0.1212667971849441,0.0219242665916681,0.2779317200183868,124.0,231.0,7.0,14.0,13.428571428571429,23.75,4.504347826086956,4.8533333333333335,52.327737730061344,69.30980952380955,7.170181405895693,11.548589108910893,0.9001346658161458
1890-1894,29194,5804753,23,28883,311,-0.03679023699910963,0.42963742167748686,-0.05199090857058755,-0.9117695591412484,0.9744157990207896,0.2203017355894007,0.23693748927385153,0.11651762947440139,0.0013934087473899,0.9183213114738464,0.5961867658937048,0.23920105669587058,0.6405819058418274,0.0196087229996919,0.9583105444908142,0.18351149859029106,0.25448645521362345,0.05404607765376565,0.0051002968102693,0.976540505886078,0.5389845775583983,0.3709439024866635,0.6296639021020383,0.002949842280941,0.9974690864328296,0.14530041334134655,0.2450490964388303,0.026127526536583852,0.0005559948622249,0.9933557510375975,0.03165026546757664,0.09227831047231656,0.0064628440886735,0.0002162720193155,0.981247901916504,0.1606528106512377,0.2871600960108387,0.0178025225177407,0.0001842027850216,0.9943771958351136,0.23303135356581398,0.2870255886883791,0.08518039807677265,0.0008795747417025,0.9905683398246764,0.1500047220935419,0.267616049801859,0.01630128175020215,0.0003312366316094,0.991104006767273,0.09481527311143868,0.14829197721086865,0.03992433845996855,0.0004043281951453,0.9831880927085876,0.18454516151365702,0.22797580578595436,0.07541764527559275,0.0003656999324448,0.955336570739746,198.8337672124409,126.35626920654353,158.0,100,1448,14.848119476604781,11.043581608669609,12.0,2.0,198.0,15.504962230483923,7.510360209136887,13.9,3.15,120.66666666666669,4.662199926121512,0.2749022427438258,4.638888888888889,3.67420814479638,5.938931297709924,65.19640954754247,12.543038281685885,66.85534219001613,-44.96681034482755,105.21402919062362,8.017602346773991,3.271274366875203,7.430161835422043,0.1400265369305628,49.07220994475138,-0.3485754760913551,0.19007951067760587,0.0197141030803322,0.38158150017261505,0.4167069047689438,0.8037761896848679,0.023359597194939775,0.22700076550245277,0.11956473067402831,0.9052067650482059,0.00803107535466545,0.14048784226179123,0.00262657634448255,0.019469083752483102,0.004643661086447475,0.12841411307454104,0.0198733303695917,0.37170190364122385,0.0047728497302159,0.1268217004835605,0.01281064236536615,0.1107125617563724,0.020915406290441703,0.27502085268497467,123.0,226.0,8.0,18.0,10.818181818181818,18.125,4.473086060735092,4.829764006317941,58.52402990844986,73.67948158409389,5.9369544136597945,9.333216216216215,1.065287387819415
1895-1899,29598,5928289,22,29344,254,0.002615164498518442,0.4199699385528953,-0.00731745269149535,-0.901348234154284,0.9770986537914724,0.19021454511909613,0.22520722286876724,0.07736160606145856,0.0014071820769459,0.908902943134308,0.6169557453186847,0.24475795638463582,0.6717225611209869,0.0179569069296121,0.9571359157562256,0.1928297096176146,0.2596580636386698,0.061050111427903106,0.0058593149296939,0.9795708656311036,0.4949609031085408,0.3742687933114845,0.5182866691611707,0.0025444172206334,0.9971020622178912,0.1258861390864904,0.22734445125295608,0.02221751864999525,0.0005467029404826,0.9920137524604796,0.024940933554097704,0.07806791760488592,0.0054993643425404505,0.0001870166452135,0.982010543346405,0.1455542869315051,0.27407572385775725,0.0152499307878315,0.000198492562049,0.9940312504768372,0.22352047709054515,0.2808141940571118,0.0778567343950271,0.000907379144337,0.9913617968559264,0.17735188944741914,0.2871761742914197,0.024293988943099948,0.0003200320061296,0.9914092421531676,0.09794267185881907,0.146841129786235,0.0460942275822162,0.0005354906315915,0.983350396156311,0.20480360231025954,0.2401931277897462,0.09141134098172185,0.0004597595252562,0.964849591255188,200.29356713291438,120.4302703576645,161.0,100,1346,14.847928914115819,10.931613324826149,12.0,2.0,241.0,16.094237013569373,9.157415216491737,14.125,2.5365853658536586,226.0,4.684948914716379,0.2816492851159327,4.666666666666667,3.727678571428571,6.120967741935484,63.63658198550918,14.152486503308289,65.40346153846156,-165.92579646017697,103.80255710029796,8.381559242141602,3.9416763756643123,7.668129472329474,0.1669215491559086,92.54734513274336,-0.2844302444718778,0.2120441899169236,0.015304228290915425,0.3198480308055877,0.43579571694135666,0.8296271413564682,0.026020429562777225,0.24293423071503636,0.08025541447568682,0.8817837438546121,0.007707140641286925,0.10499819368124003,0.00247697188751765,0.01461989642120895,0.0041219658451154256,0.10202766209840773,0.019066280219703875,0.345809057354927,0.00592052703723305,0.19400085508823392,0.014967594528570726,0.11725386418402192,0.02548058237880465,0.3204919025301933,124.0,231.0,8.0,18.0,10.893327067669173,18.5,4.482817264836969,4.871502770859976,56.73624183076522,72.64883958147885,6.068738647587858,9.66027025163771,0.858166092303534
1900-1904,37995,7385491,26,37760,235,0.01948683487315683,0.4176848459072755,0.0075586140155792,-0.9052540087141095,0.9799475554609672,0.18464695330927552,0.22137136212890368,0.0724978297948837,0.001348924008198,0.911253035068512,0.6112192586681053,0.23728735510026225,0.66070955991745,0.0165987834334373,0.959641695022583,0.20413378818243239,0.2576386610459261,0.0742781683802604,0.0050630546174943,0.9816743731498718,0.4837167592141885,0.37371587452120114,0.4789603664539754,0.0030140586022753,0.9975248828995972,0.12003549988060946,0.22225833116872187,0.0211114883422851,0.0004417963791638,0.9939085245132446,0.02308811325542144,0.07285634331253986,0.0053798868320882,0.0001856938179116,0.985667049884796,0.13864572176769882,0.26978520919878907,0.0136943124234676,0.000189233731362,0.9945794343948364,0.2250355375658801,0.2832953338519151,0.0773602575063705,0.0006733044865541,0.9907422661781312,0.1819488306779318,0.2833542527958806,0.0304126534610986,0.0002864754642359,0.9910171031951904,0.10334065290049992,0.15406644434860628,0.0488199070096015,0.0005098672118037,0.9836024045944214,0.20790564391410976,0.23715760303045397,0.0988355502486229,0.0004169374587945,0.9569152593612672,194.380602710883,112.75474443262783,158.0,100,1386,13.91235688906435,10.173827604833834,11.0,2.0,223.0,17.012276942060197,10.893945686244487,14.5,2.466666666666667,288.0,4.702735434960389,0.2917309588868109,4.6863636363636365,3.625514403292181,6.174311926605505,62.68091922292355,15.661962232164742,64.88796232876713,-213.70687499999997,104.77275803310614,8.742921721758647,4.592882944815454,7.793909090909089,0.5614743589743583,114.614375,-0.2706869198009372,0.25305387785192573,0.01369161112233995,0.30822665989398956,0.4334981441497803,0.8147789537906647,0.02802476380020375,0.28141047060489655,0.07905816391576075,0.8768188829999417,0.0073408598545938505,0.09369355067610735,0.0024121081223711,0.01423668442293995,0.00381989043671635,0.08673289045691485,0.019820873625576448,0.34975549578666687,0.0066236436832696,0.2174382507801056,0.016253679990768398,0.12200462818145749,0.026628806255757753,0.32947252690792084,123.0,225.0,8.0,17.0,11.133333333333333,19.375,4.495454169766097,4.894505090388263,55.597807521839684,72.67732142857143,6.184334873291247,9.981874956079094,0.6185024345308593
1905-1909,62767,12337688,27,61688,1079,0.02913909679307138,0.4172958901205601,0.0233902148902416,-0.8948442600667477,0.978557869559154,0.17973512804182618,0.22107212362438478,0.0636392906308174,0.0013488478725776,0.899864673614502,0.6113906472102089,0.23652649328664993,0.6607210040092468,0.0166066214442253,0.9603797793388368,0.20887422483489754,0.2572303192346387,0.080706275999546,0.0050204135477542,0.9809345602989196,0.46617309980247557,0.3744380691285974,0.4289253652095794,0.0028204574773553,0.9975677784532307,0.11731512178880994,0.2200520303116961,0.0203246194869279,0.0005341115174815,0.993744432926178,0.024542791992384575,0.07722439790362962,0.0052908328361809,0.000175560999196,0.9864771366119384,0.13609228706267476,0.2687724708288211,0.012525969184935,0.0001920926006278,0.9943337440490724,0.2127656909509908,0.27816944533972787,0.0671511813998222,0.0008131255744956,0.99253511428833,0.18550033256891024,0.28219553890421506,0.0342057906091213,0.0003743472043424,0.991327702999115,0.10606513741429698,0.15587587304791056,0.0508984290063381,0.0004054204327985,0.98467618227005,0.21771863832214494,0.24141635953068327,0.1096905320882797,0.0004067228001076,0.9639698266983032,196.56328962671466,115.61572911524735,159.0,100,1425,13.745359822836841,10.593098306657645,11.0,2.0,394.0,18.10551434277018,13.506888881863194,14.636363636363637,2.761904761904762,312.5,4.680691334674771,0.2903506546776913,4.660194174757281,3.6176470588235294,6.46969696969697,62.22170650252011,18.104998976762445,65.41333333333336,-244.0881799999999,105.98679054054055,9.078563335842365,5.644014521968673,7.775772357723579,-0.4437929894179877,124.93844,-0.2603881517425179,0.2696337541565299,0.0120627623982727,0.30053599178791046,0.43780992925167084,0.8133274912834167,0.030183424241840798,0.29452748596668243,0.0692590738181024,0.8658346976153553,0.0073590925894677,0.08970549330115316,0.0023835806641727,0.014438049402087899,0.0036274171434342002,0.08137373626232144,0.0178906554356217,0.3145197182893753,0.0069181418512016,0.2354480177164077,0.0172282746061682,0.12611517310142514,0.02824522648006675,0.34951865673065186,124.0,224.0,8.0,16.0,11.214285714285714,20.0,4.478070175438597,4.867549668874172,56.0214705882353,73.01412933479355,6.111801886792454,10.06084287426761,1.719056191947998
1910-1914,70279,13684569,26,69679,600,0.045808590433400125,0.41014448233790574,0.0333307981491088,-0.9215731504373252,0.9777743353042752,0.17193880124466346,0.2150265864060759,0.0615352690219879,0.0013175435597077,0.9272133708000184,0.6103138072098223,0.2351755804908703,0.6593917608261108,0.0177200809121131,0.962520182132721,0.2177473916780636,0.25598162465114693,0.0928554087877273,0.0054545835591852,0.9800271391868592,0.45107737536204645,0.3686673763326888,0.3939560502767563,0.0028161137888673,0.997289530816488,0.11398341254444425,0.2177630822943435,0.0196146424859762,0.0004843414062634,0.9934444427490234,0.025168140174352246,0.08007955333877205,0.0051572923548519,0.0001836868468672,0.9783735275268556,0.11925370163540822,0.2515083575938968,0.0107888737693429,0.0001824980572564,0.9943256974220276,0.2178402611821939,0.27977068707899105,0.0723452642560005,0.0008204446057789,0.9917158484458924,0.18550514301291135,0.27692363891106225,0.0387236103415489,0.0003567369130905,0.9906408190727234,0.10681264427597217,0.15524965833287294,0.0518360286951065,0.0004241356800775,0.9834975004196168,0.23143669703169023,0.24476039166777203,0.129034012556076,0.0004196813097223,0.9697781205177308,194.71775352523514,109.35211457485778,159.0,2,1205,14.313479133169226,10.939074347487402,12.0,1.0,235.0,17.90339193642592,14.111011433993989,13.9,2.0,280.5,4.689476803853983,0.2891643591007884,4.672727272727273,2.5,6.326241134751773,62.37946089084872,18.548045336050468,65.9144496855346,-222.49175133689835,120.205,9.006346924537223,5.85570798951995,7.513927893738138,-3.01,113.97647950089126,-0.2259933333843946,0.28614916792139405,0.01263713883236045,0.2751538604497909,0.4377652704715729,0.8108562529087067,0.03535562008619305,0.3134241998195648,0.06853134557604784,0.8455681680934504,0.0073059627320617,0.08470951393246645,0.00235869910102335,0.01399898342788215,0.0034161384683101996,0.0596774127334356,0.0193787449970841,0.3311234563589096,0.008567413780838199,0.2373747900128364,0.0172922825440764,0.12756338715553278,0.03323460556566715,0.3704841732978821,125.0,223.0,8.0,17.0,10.5,19.375,4.485981308411215,4.878048780487805,55.88112043692743,73.90928801406929,5.807506493506494,9.953505383505385,0.8537400930576702
1915-1919,62034,11821329,23,61645,389,0.04184166721684978,0.38350279708014534,0.032046029344201046,-0.9116144478321077,0.977712652180344,0.16197851975450492,0.20169977523096985,0.060917610302567454,0.001419942243956,0.9169368743896484,0.6342012933627308,0.2240606903481487,0.6873008012771606,0.0171622559428215,0.9623669385910034,0.20382018697135468,0.24074051357229512,0.09116420149803155,0.0053224265575408,0.9802752137184144,0.44038691409211067,0.365093230966106,0.36749244830571115,0.002638864214532,0.997174481046386,0.12051623579561502,0.21991033751738961,0.0219404129311442,0.0004942181403748,0.9933395981788636,0.024562171244162993,0.07238604178999314,0.0058967971708625,0.0001743482862366,0.9698366522789,0.11844052403524526,0.24399135834940935,0.011567656416445901,0.0001941050140885,0.9941334128379822,0.2014301542612503,0.2681749049159435,0.06539233401417724,0.0008153953240253,0.9900619983673096,0.17939394606655407,0.26646911927813555,0.0407439526170492,0.0003247988934163,0.9915741086006165,0.10098720627738911,0.14875481839980478,0.04993187263607975,0.0004092266026418,0.9829245209693908,0.25466976206447167,0.2549548157153319,0.156954675912857,0.000402063014917,0.9663186073303224,190.56209498017216,100.49892522207416,159.0,44,1123,14.34284424670342,10.659681830881647,12.0,2.0,216.0,17.476611757891316,12.885017578296965,13.933333333333334,1.9615384615384617,242.5,4.744093880131744,0.2958579715238536,4.735849056603773,3.581818181818182,6.112582781456954,61.16204264277367,17.859568433639907,64.10265637140637,-186.1750773195876,108.35587412587417,9.070128204856653,5.427400673977389,7.767554347826088,-0.6291343139619006,99.47077319587628,-0.2043976699933409,0.249069440877065,0.01329043670557435,0.25497590750455856,0.48328355699777603,0.8210091292858124,0.036400942131876904,0.2797269150614738,0.06762414306285787,0.8304204778978601,0.007959622424095775,0.10099040344357488,0.002632456831634,0.016109579242765876,0.00378014385933055,0.06843429990112776,0.019659591838717377,0.2779267728328705,0.009353465633466776,0.22660995274782178,0.017510420177131825,0.1186273898929357,0.04016243573278185,0.41579347103834147,124.0,219.0,8.0,18.0,10.375,19.525689223057647,4.536499246900707,4.93859649122807,53.939011662679455,72.62188311688313,5.975620206954512,10.225355084723361,0.6270754747396589
1920-1924,50895,9580550,18,50659,236,0.06717992512145902,0.39358731588771434,0.0558557864278554,-0.8909066272899508,0.9785752901807429,0.1544581456563282,0.20252225111524078,0.0477331839501857,0.0013076509349048,0.9023991823196412,0.6239037836499908,0.2280390831581231,0.6747736930847168,0.0170841831713914,0.96380877494812,0.22163807077778722,0.24988224657479083,0.1064486876130104,0.0052294209599494,0.9807455539703368,0.41690572515439556,0.3633894415094786,0.3056045267730951,0.0026314074057154,0.9970929296687244,0.10673686707779033,0.20695973265235737,0.0185002144426107,0.0005710434052161,0.991412878036499,0.024295162555577465,0.07526577571571269,0.0052710431627929,0.0001849601831054,0.9841076135635376,0.10468843984813385,0.2325020174352436,0.0095152603462338,0.0002221825125161,0.995071828365326,0.2054804182284713,0.27279724018397283,0.0643949806690216,0.0008422644459642,0.9886455535888672,0.1855463982250946,0.26765011866715555,0.0447972118854522,0.0004008144314866,0.992049276828766,0.1113073047128478,0.15731352902101392,0.0554210171103477,0.0005222060717642,0.9840696454048156,0.2619454092932325,0.2563310182851735,0.1670282930135727,0.0005024491110816,0.9704388976097108,188.24147755182238,101.51926014695606,155.0,99,1079,15.304371745751055,10.964234823479627,13.0,2.0,164.0,15.955995121060623,11.71255741769733,12.8,2.3035714285714284,250.5,4.726692673073282,0.2966601102383804,4.714285714285714,3.694980694980695,6.303571428571429,63.4275329624168,16.954376024117057,66.19527887139108,-189.77339820359276,109.07130817610064,8.376374237621905,4.9999445231285,7.197708856941794,-1.0761509433962253,101.96008982035929,-0.1853594528511166,0.298457600409165,0.010184976737946251,0.2385380044579506,0.4661141484975815,0.8157959878444672,0.03764141164720055,0.32435344159603113,0.059351312695071046,0.8078908263705671,0.00721618789248165,0.0773319527506828,0.0023767289239913,0.014792426023632201,0.0034222863614558497,0.048239722847938454,0.019381956197321352,0.2918732166290283,0.009508062619715901,0.2516108751296997,0.01981376949697725,0.13377581536769864,0.044542308896779945,0.42705896496772766,122.0,215.0,8.0,19.0,9.65751879699248,17.727272727272727,4.523809523809524,4.914285714285715,56.570645863766714,74.10000000000001,5.567684149397886,9.449978549100265,0.46369977404460166
1925-1929,24275,4598231,6,24179,96,0.08780998151787259,0.38960917818087926,0.0758541375398635,-0.8845533663406968,0.9748234287835658,0.14350611176313474,0.19839754895884676,0.0366731025278568,0.0014036984648555,0.890674352645874,0.6251777949369869,0.2314006001314954,0.678054690361023,0.0195510610938072,0.9576367735862732,0.23131609328100733,0.25161316995899713,0.1201146468520164,0.0056782593019306,0.9776361584663392,0.3773060839916691,0.36125831856563284,0.2104575186967849,0.0033737770281732,0.997191870585084,0.095665779443051,0.19707274844686565,0.0163577888160944,0.0005315938033163,0.9937777519226074,0.027366359598819386,0.07984426852814744,0.0056658368557691,0.000147658138303,0.9589619636535645,0.10301943905545162,0.23289001016233657,0.0082707218825817,0.0002034227800322,0.9941018223762512,0.17862086549316636,0.26058595641103693,0.0457517728209495,0.0008800998330116,0.9891330599784852,0.1891994943099991,0.26912113300706814,0.045049887150526,0.0004098887147847,0.9868011474609376,0.10718315895055738,0.1570326754769957,0.0523026175796985,0.0006379351252689,0.9831845164299012,0.2989449033602145,0.2745187738032229,0.2074350267648697,0.0005636034184135,0.9703171253204346,189.4224922760041,103.535379107028,153.0,100,1116,14.499279093717817,11.009416332240628,12.0,2.0,207.0,16.763584087609765,11.3633964551075,13.63157894736842,1.9836065573770492,128.5,4.7545667816622545,0.2934221858725366,4.748091603053435,3.7563451776649743,6.114285714285714,61.54990328065839,16.187381724269702,63.94067415730339,-57.264871086556155,100.17537712895376,8.83889347585728,4.806359300274696,7.710476190476193,0.201788375558868,52.844844357976655,-0.1528523452579975,0.3157913335599005,0.008786849677562651,0.2147874385118484,0.4640166759490967,0.8195984065532684,0.044553164392709704,0.33902910351753235,0.04547877889126535,0.763215490616858,0.0067680787760764,0.06164734251797195,0.00258321454748505,0.0170920537784695,0.003289425978437,0.04334314353764055,0.01574177574366325,0.2201612517237663,0.009696821682155049,0.26689086854457855,0.01821222808212035,0.12531889230012888,0.0559270046651363,0.49904410541057587,122.0,217.0,8.0,17.0,10.48148148148148,18.5,4.5589902850772415,4.943649193548387,54.53671478638188,71.97635154516144,6.033559541145355,9.992846002037183,0.39546858908341914
1930-1934,23342,4397217,4,23286,56,0.09213988681659138,0.3848336771593464,0.07754091825336215,-0.8962172181345522,0.9784854365279898,0.13616478141034472,0.19554309958527805,0.029841551557183252,0.0014813394518569,0.9025325775146484,0.6355305507475251,0.23245375543771118,0.6906315386295319,0.018013197928667,0.9605237245559692,0.2283046682269361,0.2506566375329398,0.11715644970536229,0.0056198057718575,0.9802361130714417,0.3537579683294554,0.35297116813275325,0.1767788571305573,0.0025861092435661,0.9971896195784212,0.09331925033892413,0.19387668599916558,0.01540378015488385,0.0005857999785803,0.990186333656311,0.02925374333630007,0.07876386277822549,0.0071901460178196,0.0002491304476279,0.9759149551391602,0.0999811499156967,0.22669455826820675,0.0086877811700105,0.0002371227456023,0.9932676553726196,0.16045756807483444,0.24433062142327838,0.040440568700432694,0.00078185898019,0.9912133812904358,0.17644212409199833,0.25631464911751917,0.041871447116136495,0.0004125404811929,0.9908307790756226,0.09501424963682005,0.14129844049991608,0.0497086010873317,0.0006778652314096,0.982187032699585,0.34553191475764633,0.28754568256936014,0.2809133976697922,0.0004869128169957,0.967592179775238,188.38218661639962,100.76482626709821,155.0,100,1052,13.37828806443321,11.891562876989138,10.0,2.0,294.0,17.81147659473063,10.3721395248023,15.428571428571429,2.353932584269663,135.5,4.783924126067961,0.2894696945248742,4.773049645390071,3.8706896551724137,6.245283018867925,59.31541663682815,15.392668769851733,61.30207608912872,-62.12406826568264,99.81733333333332,9.410885192398132,4.421118778018098,8.588424141339265,0.7139526542324255,55.58636531365313,-0.1385070001706481,0.31534597324207425,0.007984951836988299,0.1981866024434566,0.4782333895564079,0.8319182395935059,0.042177643626928246,0.3358942121267319,0.041124214825686026,0.7085012944880873,0.006965154781937551,0.05679701827466487,0.003345397009979875,0.02052723942324515,0.00343190348939965,0.043584072031080695,0.01418081973679355,0.17948614433407784,0.009564249776303699,0.23622249811887738,0.018837881740182576,0.11019346304237837,0.07434527575969688,0.5888484716415405,122.0,216.0,7.0,15.0,12.0,20.333333333333332,4.586206896551724,4.971609583117108,51.80988272009127,69.3573694017653,6.813952338129496,10.769689368214646,0.23991089024076773
1935-1939,24425,4720631,6,24315,110,0.109166518743169,0.3748140788857123,0.0876836469396948,-0.884328571613878,0.9818787893746048,0.12413734264416805,0.18633459585620568,0.025398451834917,0.0014435375342145,0.8919206261634827,0.6425587960210998,0.23098389191372548,0.7033982276916504,0.0133788362145423,0.960830569267273,0.23330386138733705,0.249397262136457,0.1236350834369659,0.0060328422114253,0.9842499494552612,0.3430048155064893,0.3483261332451604,0.1728116627782583,0.002669483073987,0.997073182137683,0.0890062349975195,0.19095546537877262,0.0143338618800044,0.000486107339384,0.9925139546394348,0.025535554630631067,0.07205389227553807,0.0067203817889094,0.000182513569598,0.986445963382721,0.103486570244583,0.23243378068403614,0.0089638354256749,0.0002291538112331,0.991777777671814,0.1505120102643867,0.2309218563708717,0.0421325154602527,0.0008636251441203,0.9879712462425232,0.1915298898473914,0.26466598334523006,0.0518857948482036,0.0004547931603156,0.9892996549606324,0.10341199489910688,0.14898723774013944,0.0546852350234985,0.0005774064338766,0.9839282035827636,0.33651774487989844,0.2776664395763605,0.2802982032299042,0.0007057542679831,0.9661467671394348,193.27046059365404,103.2890568836686,158.0,100,967,14.231811668372568,11.427632787273513,11.0,2.0,269.0,17.604784399349587,10.702436493105054,15.285714285714286,2.363636363636364,192.0,4.815945715004652,0.3002398694059351,4.806451612903226,3.8205128205128207,6.070422535211268,58.72323501237789,15.583501199438583,60.831052134937494,-123.97781249999996,100.24018997669,9.442134522163967,4.504047468611823,8.573679012345682,0.462006993006991,78.24989583333333,-0.1003622412681579,0.3251140154898166,0.0077582108788192,0.1644269376993179,0.4885168373584747,0.8358655571937561,0.0484846048057079,0.342362105846405,0.0413400107063353,0.6786285564303398,0.0066397497430443,0.0507953763008117,0.0031498267780989,0.0174220893532037,0.0035075456835329,0.0444692112505435,0.0147522939369082,0.1668728739023208,0.0103286243975162,0.2690584659576416,0.0207803547382354,0.1223541647195816,0.0768239274621009,0.557895839214325,123.0,223.0,7.0,17.0,11.708333333333334,20.2,4.6118421052631575,5.0064935064935066,51.14416666666668,69.18062992125986,6.803322884012541,10.851254826254827,0.45035823950870013
1940-1944,34640,6434111,6,34420,220,0.0646945327204026,0.3777337899108022,0.05147944204509255,-0.9047044087201356,0.9752776690293103,0.1481533534648511,0.19318410728711619,0.047968739643692956,0.001382284448482,0.9105469584465028,0.638998760116194,0.22318534574514473,0.6913492381572723,0.0215898770838975,0.9627308249473572,0.2128478861852537,0.24274916699422627,0.10143878683447835,0.005515141878277,0.9768438935279846,0.37775846077791936,0.3556287177762382,0.21563859796151516,0.0032263368193525,0.9973484337097034,0.10980875582806131,0.20907744938310452,0.0191346779465675,0.0005199711886234,0.9923332929611206,0.025596261854350946,0.07031370474229216,0.0072027097921818,0.0002647790242917,0.9879685640335084,0.10962134775988966,0.2309130545255986,0.0106516703963279,0.0002327152324141,0.9942936301231384,0.1583283571899683,0.23603656450466287,0.0460267979651689,0.000651633949019,0.9888757467269896,0.15826761542928441,0.2410644486954369,0.03559671528637405,0.0004117486532777,0.9874623417854308,0.11130797132369544,0.15955021853160023,0.0554795283824205,0.0006194136221893,0.9818577766418456,0.32706969089297394,0.27989232444687245,0.2593365013599396,0.0005425665876828,0.9729289412498474,185.74223441108546,101.16500449372094,150.0,100,955,12.37269053117783,10.145044364081432,10.0,1.0,155.0,19.853248317499002,13.153433845771913,16.285714285714285,2.109375,234.0,4.815121940689626,0.3078602395325535,4.808311744386874,3.7387387387387383,6.42,56.73704297007551,18.248772488258293,59.52783727621487,-155.22499999999997,98.49307692307691,10.277749560779975,5.538037321845425,9.000429190484972,0.9432289719626183,93.04222222222222,-0.17367237992584705,0.2772023053839802,0.010921906214207324,0.22845555096864695,0.4939412698149681,0.8226225972175598,0.038910948671400505,0.3007100000977516,0.04884817602578548,0.7523583685979247,0.008039046544581575,0.08405495062470433,0.0032413919107056504,0.0193094843998551,0.003631954954471375,0.06418107263743869,0.015940644778311225,0.18007967621088025,0.008838251465931524,0.20044818520545957,0.0216143270954489,0.13032226637005803,0.06676723808050147,0.5462861508131027,121.0,210.0,7.0,15.0,12.23076923076923,22.428571428571427,4.604401921500774,5.008005347593583,48.57886363636365,69.17595651332616,6.869015444015446,11.782820159499295,0.6351039260969976
1945-1949,18416,3493159,8,18180,236,0.05978766326375906,0.3829736099784441,0.05594598175957795,-0.8908264758065343,0.9733605142682792,0.14923424689140985,0.20064893587235366,0.0382199566811323,0.0015159136382862,0.8979426622390747,0.6417438432528353,0.22889879120704565,0.6955564320087433,0.0220880173146724,0.9602149724960328,0.20902191015516894,0.2434578521835022,0.095947265625,0.0055437693372368,0.9756362438201904,0.376357692540393,0.3533988604068595,0.21259114611893887,0.0038374901050701,0.9962203457253054,0.10781609956881062,0.2092319089590335,0.017350185662507997,0.000641880207695,0.9911220073699952,0.02694432078097415,0.07514391703103634,0.007399336900562,0.0002750853600446,0.9698418378829956,0.10222439454722988,0.22329784460390392,0.010983572807162952,0.0002635111741255,0.993026614189148,0.16631719842435239,0.2397014516517714,0.0508531872183084,0.0007947964477352,0.9888386726379396,0.16930441567361965,0.24801322334542514,0.0401107389479875,0.0004442135978024,0.9835107326507568,0.10191315748385504,0.14916461415287632,0.052961451932787854,0.0004523422103375,0.9812682271003724,0.3254804131301432,0.2751725429784692,0.26084567606449127,0.0007144293631426,0.9720013737678528,189.680658123371,96.33521125208956,156.0,100,861,14.073685925282364,11.433403976236134,11.0,2.0,156.0,17.735085060807048,11.250390231665437,15.210526315789474,2.3142857142857145,168.5,4.8366565646809025,0.29083539937736735,4.825747420586563,3.47972972972973,6.467741935483871,57.71287096398309,15.87853834435842,60.02382190760063,-115.81979970326404,100.57953846153846,9.615430323262194,4.704579899681862,8.712829980477043,0.716762778505899,71.27396142433234,-0.18242135643959043,0.2683642554329708,0.009486350696533901,0.23528126627206797,0.48853693157434464,0.8340600281953812,0.0356106366962194,0.2903574854135513,0.0492677566362544,0.7427221569232643,0.007794866105541525,0.07412047125399104,0.003435377264395275,0.018672367557883224,0.003923430689610475,0.05495318304747335,0.01653972314670675,0.18968237191438675,0.00924751488491885,0.22734219208359713,0.0201539355330169,0.11988175101578233,0.06941732391715044,0.5379278510808945,124.0,220.0,7.0,17.0,11.538461538461538,20.333333333333332,4.6366511205739505,5.0232380287118215,49.811384664194335,68.78603120029165,6.805313326493389,11.040031824510331,1.2814943527367506
1950-1954,16585,3282803,6,16514,71,0.08156863185108204,0.3994395190072201,0.0656864009797573,-0.9105354989878832,0.9803327654954046,0.1455347674564824,0.2013707375743529,0.0333408080041408,0.0013331541558727,0.916496992111206,0.627361833541195,0.2358004385142651,0.6842790246009827,0.0152986021712422,0.9636951684951782,0.22710339930756446,0.2588951795740386,0.1055174618959426,0.005076867993921,0.9819601774215698,0.3643095669487831,0.35172558696668743,0.1972335851751268,0.0035181991988793,0.9969291205052286,0.10813975610992373,0.2115482055977417,0.0175209995359182,0.0005322186625562,0.9877605438232422,0.025317550708640744,0.07185243103215672,0.006900280714035,0.0002607397036626,0.9811052680015564,0.09094987185868637,0.21071857662598548,0.0098292017355561,0.0002622044994495,0.9944039583206176,0.16521993898017284,0.24412977942726372,0.0466000773012638,0.0009708835277706,0.9900347590446472,0.1674468975157013,0.24824490255150639,0.040765319019556,0.0003784856817219,0.9874810576438904,0.10492270411032949,0.1486072950703726,0.0558098629117012,0.0004095320182386,0.9780415892601012,0.3380032810267218,0.2779367580746004,0.2741073668003082,0.0007675006636418,0.9702078104019164,197.93807657521856,106.6700100301678,160.0,100,924,15.637865541151642,12.684169126620624,12.0,2.0,203.0,16.092216165781025,10.646698421786226,13.545454545454543,2.6463414634146343,163.5,4.817374770407702,0.28211531730944944,4.803680981595092,3.864,6.3896103896103895,59.7631930648044,15.021907161881437,62.05047619047622,-83.55970183486235,96.49182675814752,8.921317127559435,4.436465388759755,7.889857142857142,1.1572805440035978,65.53218654434251,-0.1752379536628723,0.3154514990746975,0.0082318605855107,0.2262644320726394,0.4675955772399902,0.8231180906295776,0.0373038649559021,0.3309836387634277,0.0438278459478169,0.7290182895958424,0.0075289481319487,0.0730165019631385,0.0032864816021174,0.0173800159245729,0.0035832794383168,0.0407175421714782,0.0154245104640722,0.1869889944791793,0.0092510124668478,0.2054990530014038,0.0222012717276811,0.1230393648147583,0.078528307378292,0.564017117023468,126.0,232.0,8.0,19.0,10.666666666666666,17.555555555555557,4.617886178861789,5.0085470085470085,52.93065521628501,69.66500000000002,6.411666666666669,9.971710144927538,0.4280976786252638
1955-1959,15133,2842389,6,15043,90,0.103300707323548,0.39315743670132003,0.086193008814007,-0.8818677756935358,0.9785599579336122,0.13607358151080057,0.19380745521969775,0.0312485508620739,0.0014289147220551,0.8873656392097473,0.6245521298770731,0.2327213599671852,0.682756245136261,0.0177326705306768,0.9594084620475768,0.23937428883434855,0.2584659958231939,0.1246154531836509,0.0044953078031539,0.9803596138954164,0.3438328438777326,0.34779909970867684,0.1692557057831436,0.0033883765572682,0.9968162199947984,0.09665501278244701,0.20166614854421439,0.0153830489143729,0.0004528560384642,0.990209937095642,0.021553124616287875,0.061428936053417024,0.0058283698745071,0.000183957061381,0.940026044845581,0.08885769494897923,0.21258163564454766,0.0081822928041219,0.0002070932387141,0.9933404326438904,0.15832013614630627,0.24008693476693632,0.0414876118302345,0.0008388609858229,0.9890811443328856,0.1697335494134291,0.24738521888616985,0.0429230853915214,0.0004178219533059,0.987108051776886,0.11642508339162529,0.16000858903329374,0.0625319853425026,0.0007036635070107,0.9804285168647766,0.3484553984179122,0.2804689568456296,0.285709798336029,0.0007122611277736,0.970708429813385,187.8271988369788,100.42114501262284,155.0,100,916,13.78484107579462,9.325726110901975,12.0,2.0,163.0,17.0740907199923,11.268775307875826,13.909090909090908,2.477272727272727,164.0,4.7996927601301875,0.28141542047985146,4.786802030456853,3.813725490196078,6.26797385620915,59.27456471808311,15.366453486142705,61.67047568710362,-101.48475609756092,101.79236950549452,9.233395992774204,4.640574696512407,8.105036407766992,0.2724221611721624,68.15658536585366,-0.1396642625331878,0.3427814226597547,0.0083027109503746,0.1983084976673126,0.4648467004299164,0.8172163367271423,0.0425455272197723,0.361274391412735,0.0391132766380906,0.6789701394736767,0.007117761299014,0.0586285255849361,0.0027550584636628,0.015068382024765,0.0032459590584039,0.035361148416996,0.014607086777687,0.177052766084671,0.0102771446108818,0.2184561342000961,0.0246846955269575,0.138230100274086,0.0875296667218208,0.5843610167503357,126.0,213.0,8.0,17.0,10.727272727272728,19.272727272727273,4.604651162790698,4.9787234042553195,51.56345323741007,69.81146509341202,6.415111561866123,10.536980519480522,0.5947267560959493
1960-1964,10151,1830237,2,10053,98,0.08124040960672879,0.3860287367026921,0.0676567330956459,-0.8986307731829584,0.9714356688782572,0.14302408362858696,0.19352902844567693,0.0389185920357704,0.0016264443984255,0.9057702422142028,0.6327114232033476,0.225720864931612,0.6849031448364258,0.0246170181781053,0.9682160019874572,0.22426449323531575,0.2500611171631998,0.1113836988806724,0.0058857919648289,0.9734093546867372,0.3501405733708664,0.3460793567288809,0.1842639548704028,0.0033366910065524,0.996007706038654,0.11028849413935679,0.21426990797768594,0.0187788438051939,0.0006302715046331,0.9902352094650269,0.02865128581013755,0.07750781215295666,0.0078792897984385,0.0003499992890283,0.976209819316864,0.09421822388478748,0.2144588575488303,0.0096769155934453,0.0002265492075821,0.992517352104187,0.14563385534672202,0.2298224119163542,0.0365543067455291,0.0009218123159371,0.9890266060829164,0.14383778817657716,0.2295437710764443,0.0317716151475906,0.0005180465523153,0.9878436326980592,0.10171416162303963,0.15443687534678746,0.0510676391422748,0.0006896109553053,0.9796158075332642,0.37565619094374947,0.2924258295367207,0.3243582844734192,0.000989300198853,0.9636940956115724,180.30115259580336,88.47403915046215,153.0,100,1073,11.44754211407743,6.320627082562498,10.0,2.0,68.0,18.396977254325403,10.576081057179286,15.857142857142858,3.4324324324324325,204.5,4.806854553356837,0.28384541157989035,4.7974683544303796,3.963768115942029,6.322033898305085,57.477725508247055,15.65349183279686,59.6319831223629,-131.25230440097795,95.93478260869568,9.81266087419435,4.50962695943989,8.902801992528023,1.1504072398190068,82.36988997555014,-0.16907595749944443,0.30542164226062596,0.00918626133352515,0.2223598957061767,0.48073241114616394,0.8218430280685425,0.0376959107816219,0.3297865241765976,0.0408067319076508,0.6908929068595171,0.0079058962874114,0.0755480416119098,0.0035701538436114,0.02056103572249405,0.0037248369771986497,0.04565096460282795,0.013376531656831451,0.1525727286934852,0.0086458907462656,0.15558566153049463,0.01955168880522245,0.11314653605222695,0.0975568890571594,0.6336148083209991,124.0,206.0,7.0,14.0,12.6,20.5,4.612556306306306,4.98752990430622,49.966214285714315,67.62806278538815,7.203900151809929,11.083636363636362,0.9654221258989262
