decade,n_articles,median_word_count,mean_word_count,n_word_count_gt_256,share_word_count_gt_256_percent,n_word_count_gt_512,share_word_count_gt_512_percent,n_word_count_gt_1000,share_word_count_gt_1000_percent,n_word_count_gt_1500,share_word_count_gt_1500_percent
1840,4566,157.0,194.4424003504161,919,20.127025843188786,96,2.102496714848883,14,0.3066141042487955,0,0.0
1850,5001,184.0,243.11437712457507,1469,29.374125174965005,342,6.838632273545291,65,1.299740051989602,7,0.13997200559888023
1860,11689,182.0,259.6527504491402,3662,31.32859953802721,1129,9.658653434853282,260,2.2243134570964154,12,0.10266062109675764
1870,19858,177.0,234.00417967569746,5199,26.18088427837647,1238,6.234263269211401,247,1.2438312015308692,6,0.030214523114110183
1880,22233,157.0,199.5217919309135,4174,18.773894661089372,720,3.2384293617595468,91,0.4093014887779427,0,0.0
1890,58792,159.0,199.5686828139883,11189,19.031500884474077,1733,2.9476799564566605,159,0.2704449584977548,0,0.0
1900,100762,159.0,195.74024930033147,17853,17.717988924396103,2748,2.7272185943113474,135,0.1339790794148588,0,0.0
1910,132313,159.0,192.76940285535056,22943,17.339943920854335,2820,2.1313098486165383,55,0.041568099884365106,0,0.0
1920,75170,154.0,188.62286816549155,12360,16.44272981242517,1458,1.9396035652520953,12,0.015963815351869096,0,0.0
1930,47767,156.0,190.88173843867105,8423,17.63351267611531,857,1.7941256516004773,5,0.010467477547260661,0,0.0
1940,53056,152.0,187.10928075995176,8884,16.74457177322075,941,1.7735977080820264,0,0.0,0,0.0
1950,31718,157.0,193.11406772179834,5684,17.92042373415726,739,2.329907308153099,0,0.0,0,0.0
1960,10151,153.0,180.30115259580336,1329,13.092306176731356,125,1.231405772830263,2,0.019702492365284208,0,0.0
