decade,rank,publisher,articles,share_of_decade_percent
1840,1,The New York herald. [volume] (New York [N.Y.]) 1840-1920,3299,72.251423565484
1840,2,The New York herald.,489,10.709592641261498
1840,3,Morning herald. [volume] (New York [N.Y.]) 1837-1840,383,8.388085851949189
1840,4,"American Republican and Baltimore daily clipper. [volume] (Baltimore, Md.) 1844-1846",259,5.672360928602716
1840,5,New-York tribune.,100,2.190100744634253
1840,6,New-York tribune. [volume] (New-York [N.Y.]) 1841-1842,28,0.613228208497591
1840,7,American Republican and Baltimore daily clipper.,8,0.17520805957074026
1850,1,The New York herald. [volume] (New York [N.Y.]) 1840-1920,3488,69.74605078984203
1850,2,"Evening star. [volume] (Washington, D.C.) 1854-1972",548,10.957808438312338
1850,3,"The daily exchange. [volume] (Baltimore, Md.) 1858-1861",476,9.518096380723854
1850,4,Daily evening star. [volume] (Washington [D.C.]) 1852-1854,364,7.278544291141771
1850,5,The New York herald.,100,1.999600079984003
1850,6,"Dallas herald. [volume] (Dallas, Tex.) 1849-1873",23,0.4599080183963208
1850,7,The sun. [volume] (New York [N.Y.]) 1833-1916,2,0.03999200159968006
1860,1,The New York herald. [volume] (New York [N.Y.]) 1840-1920,4366,37.351355975703655
1860,2,The New York herald.,2446,20.925656600222432
1860,3,"Evening star. [volume] (Washington, D.C.) 1854-1972",1284,10.984686457353067
1860,4,"Daily Ohio statesman. [volume] (Columbus, Ohio) 1855-1870",964,8.247069894772864
1860,5,New-York tribune. [volume] (New York [N.Y.]) 1866-1924,851,7.28034904611173
1860,6,The evening telegraph. [volume] (Philadelphia [Pa.]) 1864-1918,781,6.681495423047309
1860,7,New-York tribune.,347,2.968602960047908
1860,8,"The daily exchange. [volume] (Baltimore, Md.) 1858-1861",240,2.0532124219351524
1860,9,"The Baltimore County union. [volume] (Towsontown, Md.) 1865-1909",136,1.1634870390965866
1860,10,Evening star.,114,0.9752759004191974
1870,1,The New York herald. [volume] (New York [N.Y.]) 1840-1920,5675,28.577903112095882
1870,2,The New York herald.,5645,28.42683049652533
1870,3,New-York tribune. [volume] (New York [N.Y.]) 1866-1924,2135,10.751334474770873
1870,4,New-York tribune.,1414,7.1205559472253
1870,5,"Evening star. [volume] (Washington, D.C.) 1854-1972",1123,5.655151576190956
1870,6,The sun. [volume] (New York [N.Y.]) 1833-1916,1074,5.408399637425722
1870,7,"The Dallas daily herald. [volume] (Dallas, Tex.) 1873-1887",857,4.315641051465404
1870,8,The Morning herald.,463,2.331554033638836
1870,9,Los Angeles daily herald.,431,2.170409910363581
1870,10,The evening telegraph. [volume] (Philadelphia [Pa.]) 1864-1918,341,1.7171920636519284
1880,1,New-York tribune. [volume] (New York [N.Y.]) 1866-1924,7612,34.237394863491204
1880,2,"Evening star. [volume] (Washington, D.C.) 1854-1972",4509,20.280663878019162
1880,3,"The Dallas daily herald. [volume] (Dallas, Tex.) 1873-1887",2694,12.117123195250304
1880,4,Los Angeles daily herald.,2083,9.368956056312689
1880,5,New-York tribune.,1321,5.941618315117168
1880,6,Daily Los Angeles herald.,572,2.57275221517564
1880,7,"The Dallas weekly herald. [volume] (Dallas, Tex.) 1873-1885",528,2.3748481986236674
1880,8,"Seattle daily post-intelligencer. [volume] (Seattle, W.T. [Wash.]) 1881-1888",500,2.248909278999685
1880,9,The sun. [volume] (New York [N.Y.]) 1833-1916,483,2.172446363513696
1880,10,"The Seattle post-intelligencer. [volume] (Seattle, Wash. Terr. [Wash.]) 1888-1914",438,1.9700445284037242
1890,1,New-York tribune. [volume] (New York [N.Y.]) 1866-1924,11054,18.801877806504287
1890,2,"The Seattle post-intelligencer. [volume] (Seattle, Wash. Terr. [Wash.]) 1888-1914",7725,13.139542794938086
1890,3,"Evening star. [volume] (Washington, D.C.) 1854-1972",7193,12.234657776568241
1890,4,The San Francisco call.,4985,8.479044767995646
1890,5,The sun. [volume] (New York [N.Y.]) 1833-1916,3856,6.55871547149272
1890,6,The morning call.,3317,5.641924071302218
1890,7,The San Francisco call. [volume] (San Francisco [Calif.]) 1895-1913,2756,4.687712613961083
1890,8,Los Angeles herald.,2554,4.344128452850728
1890,9,The morning call. [volume] (San Francisco [Calif.]) 1878-1895,2391,4.066879847598313
1890,10,"The Houston daily post. [volume] (Houston, Tex.) 1886-1903",2369,4.02945979044768
1900,1,"Evening star. [volume] (Washington, D.C.) 1854-1972",14266,14.15811516246204
1900,2,New-York tribune.,13418,13.316528056211668
1900,3,The San Francisco call.,8692,8.626267839066315
1900,4,Los Angeles herald.,7868,7.808499235823028
1900,5,New-York tribune. [volume] (New York [N.Y.]) 1866-1924,7559,7.501836009606796
1900,6,The Washington times.,7534,7.477025068974415
1900,7,"The Minneapolis journal. [volume] (Minneapolis, Minn.) 1888-1939",7532,7.475040193723824
1900,8,"The Seattle star. [volume] (Seattle, Wash.) 1899-1947",4142,4.110676643972926
1900,9,The Washington herald.,3711,3.6829360274706735
1900,10,The sun. [volume] (New York [N.Y.]) 1833-1916,3621,3.593616641194101
1910,1,New-York tribune. [volume] (New York [N.Y.]) 1866-1924,18950,14.32209986924943
1910,2,"Evening star. [volume] (Washington, D.C.) 1854-1972",15852,11.980682170308283
1910,3,The Washington herald.,11278,8.52372782719763
1910,4,"The Seattle star. [volume] (Seattle, Wash.) 1899-1947",10645,8.0453167867103
1910,5,The Washington times.,9000,6.8020527083506535
1910,6,New-York tribune.,8949,6.763507743003333
1910,7,"Atlanta Georgian. [volume] (Atlanta, Ga.) 1912-1939",8504,6.427184025757106
1910,8,Evening star.,7952,6.009991459644933
1910,9,Evening public ledger. [volume] (Philadelphia [Pa.]) 1914-1942,6706,5.068285051355498
1910,10,The Detroit times.,5854,4.42435739496497
1920,1,Evening star.,15340,20.40707729147266
1920,2,The Washington times.,12709,16.907010775575362
1920,3,"The Seattle star. [volume] (Seattle, Wash.) 1899-1947",9378,12.4757216974857
1920,4,"Evening star. [volume] (Washington, D.C.) 1854-1972",8133,10.81947585472928
1920,5,The Washington times. [volume] (Washington [D.C.]) 1902-1939,6664,8.865238792071304
1920,6,The New York herald.,6115,8.134894239723293
1920,7,New-York tribune.,5807,7.725156312358654
1920,8,Evening public ledger. [volume] (Philadelphia [Pa.]) 1914-1942,3527,4.692031395503525
1920,9,The Washington herald.,3471,4.6175335905281365
1920,10,New-York tribune. [volume] (New York [N.Y.]) 1866-1924,1580,2.1019023546627644
1930,1,Evening star.,24281,50.832164465007224
1930,2,The Washington times.,14222,29.773693135428225
1930,3,"Evening star. [volume] (Washington, D.C.) 1854-1972",6813,14.262984905897378
1930,4,The Washington times. [volume] (Washington [D.C.]) 1902-1939,2254,4.718738878305106
1930,5,"The guardian. [volume] (Boston, Mass.) 1901-1960",190,0.39776414679590516
1930,6,The guardian.,7,0.014654468566164926
1940,1,Evening star.,30762,57.98024728588661
1940,2,"Detroit evening times. (Detroit, Mich) 1921-1958",14962,28.200392038600725
1940,3,"Evening star. [volume] (Washington, D.C.) 1854-1972",3573,6.73439384800965
1940,4,Detroit evening times.,2669,5.030533775633293
1940,5,"The guardian. [volume] (Boston, Mass.) 1901-1960",799,1.5059559710494572
1940,6,The guardian.,150,0.2827201447527141
1940,7,"The Miami times. [volume] (Miami, Fla.) 1923-current",139,0.26198733413751507
1940,8,The Miami times.,2,0.003769601930036188
1950,1,Evening star.,16273,51.305252537991045
1950,2,"Evening star. [volume] (Washington, D.C.) 1854-1972",14028,44.2272526641024
1950,3,"The Miami times. [volume] (Miami, Fla.) 1923-current",602,1.8979759127309415
1950,4,"The guardian. [volume] (Boston, Mass.) 1901-1960",329,1.0372659057948168
1950,5,The guardian.,296,0.933224036824516
1950,6,The Miami times.,190,0.5990289425562771
1960,1,Evening star.,6383,62.88050438380455
1960,2,"Evening star. [volume] (Washington, D.C.) 1854-1972",3768,37.119495616195444
