decade,n_articles,total_words,mean_words,n_publishers,mean_negative,mean_positive,mean_sentiment_pos_minus_neg,mean_emotion_distress,mean_anger,mean_fear,mean_sadness,mean_joy
1840,4566,887824,194.4424003504161,7,0.10963621457343764,0.2918675198745753,0.1822313053011376,0.33108178135694993,0.07145395557207393,0.0877423685101697,0.17188545727470633,0.2812935195091951
1850,5001,1215815,243.11437712457507,7,0.14129109631870385,0.21810364829532025,0.0768125519766164,0.4112827680439965,0.10648163091526804,0.11264933984161887,0.19215179728710952,0.21040262247811606
1860,11689,3035081,259.6527504491402,14,0.16418704911856116,0.1713580779076105,0.007171028789049334,0.4995201744909762,0.14122459548819813,0.1564932895586941,0.201802289444084,0.1796735139583728
1870,19858,4646855,234.00417967569743,19,0.1817877637828932,0.16397748094294354,-0.01781028283994963,0.5263528107040811,0.14019499178231415,0.16037299344778888,0.2257848254739781,0.15234524661893634
1880,22233,4435968,199.5217919309135,19,0.2134203828398646,0.1795570949464986,-0.03386328789336596,0.5269057440191255,0.13823897023451115,0.16042784396996704,0.2282389298146473,0.1461255865693088
1890,58792,11733042,199.56868281398832,26,0.2051547655332694,0.1882026200011416,-0.016952145532127802,0.516821481960921,0.13552657184258432,0.15305167265530895,0.2282432374630278,0.16377226630602082
1900,100762,19723179,195.74024930033147,33,0.1815872627854472,0.20708671674047294,0.025499453955025755,0.4727884045736,0.11834091291639699,0.13705512773294126,0.2173923639242617,0.18416114404200806
1910,132313,25505898,192.76940285535056,29,0.1672689947860351,0.21121772175314327,0.043948726967108186,0.44606522935659576,0.11704627981797848,0.1188724491564492,0.2101465003821681,0.1826399522049762
1920,75170,14178781,188.62286816549155,18,0.15092135408046992,0.2247634398913388,0.07384208581086889,0.4041176276523976,0.10316162891983777,0.10414946160891132,0.19680653712364854,0.18672610964535616
1930,47767,9117848,190.88173843867102,6,0.13001471563556585,0.2308609370514969,0.10084622141593104,0.3482594911862196,0.0911138491265012,0.1017735985001389,0.15537204355957948,0.18415704607946828
1940,53056,9927270,187.10928075995173,8,0.14852853691900347,0.2115198709830138,0.06299133406401035,0.3772722471948697,0.10911709498536004,0.10705382871653282,0.16110132349297682,0.16209854337899188
1950,31718,6125192,193.11406772179836,6,0.14102073356670367,0.2329579730892917,0.09193723952258803,0.3545399014517717,0.10266026116148108,0.08995167168293139,0.16192796860735925,0.16853788380639795
1960,10151,1830237,180.3011525958034,2,0.14302408362858698,0.2242644932353158,0.08124040960672879,0.3501405733708664,0.11028849413935683,0.09421822388478752,0.14563385534672207,0.14383778817657722
