decade,original_american_stories_articles,selected_sources_articles,rule_based_filtered_articles,selected_share_of_original_articles,rule_based_share_of_selected_articles
1840s,4674484,521718,4566,0.11160975200685253,0.008751854450105229
1850s,12438068,1182802,5001,0.09509531544609663,0.004228095657599497
1860s,15960610,2044060,11689,0.12806903996777064,0.005718520982750017
1870s,20785268,2858936,19858,0.13754626594181996,0.0069459407275993595
1880s,31016768,3232520,22233,0.10421846660490222,0.0068779156818828645
1890s,55240972,7154690,58792,0.1295178151463374,0.008217267275032181
1900s,74376483,10084051,100762,0.135581175571316,0.009992214438423606
1910s,84786471,11104592,132313,0.1309712725276654,0.011915160863181644
1920s,33969847,6845306,75170,0.20151124024785866,0.01098124758776306
1930s,11917368,4261346,47767,0.35757442415137297,0.011209369058508743
1940s,10663135,3883358,53056,0.3641853920071349,0.013662402487743856
1950s,6555599,3378472,31718,0.5153567202630911,0.00938826783232183
1960s,2259386,1263345,10151,0.5591541241735587,0.008035018146270417
