year,decade,stage,articles,words,publishers
1837,1830s,rule_based_filtered,276,69233,2
1837,1830s,selected_sources,15693,4112549,2
1838,1830s,rule_based_filtered,223,49080,2
1838,1830s,selected_sources,24241,5609934,2
1839,1830s,rule_based_filtered,452,97490,2
1839,1830s,selected_sources,25039,5477959,2
1840,1840s,rule_based_filtered,381,79338,1
1840,1840s,selected_sources,30564,6560765,1
1841,1840s,rule_based_filtered,116,31517,2
1841,1840s,selected_sources,29007,5219450,2
1842,1840s,rule_based_filtered,726,138740,4
1842,1840s,selected_sources,58366,12893311,4
1843,1840s,rule_based_filtered,853,154914,1
1843,1840s,selected_sources,46885,11007514,1
1844,1840s,rule_based_filtered,706,136074,4
1844,1840s,selected_sources,56089,12229933,4
1845,1840s,rule_based_filtered,665,124865,4
1845,1840s,selected_sources,91997,19061011,4
1846,1840s,rule_based_filtered,578,113399,4
1846,1840s,selected_sources,88533,19519771,4
1847,1840s,rule_based_filtered,215,46238,2
1847,1840s,selected_sources,37180,10878543,2
1848,1840s,rule_based_filtered,183,35079,2
1848,1840s,selected_sources,41122,12454465,2
1849,1840s,rule_based_filtered,143,27688,2
1849,1840s,selected_sources,41975,12433105,2
1850,1850s,rule_based_filtered,130,27482,2
1850,1850s,selected_sources,49648,13961319,2
1851,1850s,rule_based_filtered,244,58359,2
1851,1850s,selected_sources,59585,15920708,2
1852,1850s,rule_based_filtered,346,70672,2
1852,1850s,selected_sources,78034,18169739,2
1853,1850s,rule_based_filtered,619,130473,2
1853,1850s,selected_sources,132858,27812698,2
1854,1850s,rule_based_filtered,564,120545,3
1854,1850s,selected_sources,162815,31987320,3
1855,1850s,rule_based_filtered,487,116812,2
1855,1850s,selected_sources,148880,28258112,3
1856,1850s,rule_based_filtered,504,118923,3
1856,1850s,selected_sources,124988,27656438,3
1857,1850s,rule_based_filtered,393,109174,2
1857,1850s,selected_sources,112899,27640011,3
1858,1850s,rule_based_filtered,867,245965,4
1858,1850s,selected_sources,146921,35486835,4
1859,1850s,rule_based_filtered,847,217853,5
1859,1850s,selected_sources,166174,37614393,6
1860,1860s,rule_based_filtered,723,202261,5
1860,1860s,selected_sources,150445,36952517,5
1861,1860s,rule_based_filtered,1215,292584,8
1861,1860s,selected_sources,208021,43123683,9
1862,1860s,rule_based_filtered,1226,351219,7
1862,1860s,selected_sources,158555,33189982,8
1863,1860s,rule_based_filtered,891,255732,6
1863,1860s,selected_sources,141269,29789743,8
1864,1860s,rule_based_filtered,1120,315739,8
1864,1860s,selected_sources,164094,34432326,9
1865,1860s,rule_based_filtered,1062,291823,9
1865,1860s,selected_sources,155508,33248550,9
1866,1860s,rule_based_filtered,1220,319501,11
1866,1860s,selected_sources,250185,57755524,11
1867,1860s,rule_based_filtered,1661,427758,10
1867,1860s,selected_sources,287563,66439181,11
1868,1860s,rule_based_filtered,1179,263838,11
1868,1860s,selected_sources,267473,62807023,11
1869,1860s,rule_based_filtered,1392,314882,10
1869,1860s,selected_sources,260947,62725227,11
1870,1870s,rule_based_filtered,1555,351566,11
1870,1870s,selected_sources,288394,69161946,11
1871,1870s,rule_based_filtered,1257,274374,9
1871,1870s,selected_sources,233887,55646485,9
1872,1870s,rule_based_filtered,1364,299048,9
1872,1870s,selected_sources,217779,51429489,9
1873,1870s,rule_based_filtered,1597,359712,11
1873,1870s,selected_sources,261089,57717309,12
1874,1870s,rule_based_filtered,1508,323988,11
1874,1870s,selected_sources,286383,60799223,11
1875,1870s,rule_based_filtered,2022,475815,13
1875,1870s,selected_sources,349123,72052135,13
1876,1870s,rule_based_filtered,2886,723514,12
1876,1870s,selected_sources,330267,75537487,13
1877,1870s,rule_based_filtered,2799,681691,11
1877,1870s,selected_sources,294471,66747379,11
1878,1870s,rule_based_filtered,2888,708044,13
1878,1870s,selected_sources,344389,77901488,14
1879,1870s,rule_based_filtered,1982,449195,10
1879,1870s,selected_sources,253154,60940254,12
1880,1880s,rule_based_filtered,1036,188828,10
1880,1880s,selected_sources,224427,42701185,10
1881,1880s,rule_based_filtered,1382,260272,10
1881,1880s,selected_sources,265240,48744716,11
1882,1880s,rule_based_filtered,1573,303414,12
1882,1880s,selected_sources,272131,53721342,12
1883,1880s,rule_based_filtered,2035,400036,13
1883,1880s,selected_sources,309190,58434191,13
1884,1880s,rule_based_filtered,2098,396450,15
1884,1880s,selected_sources,395212,67475404,15
1885,1880s,rule_based_filtered,2436,494331,13
1885,1880s,selected_sources,330586,57169445,13
1886,1880s,rule_based_filtered,2240,454006,11
1886,1880s,selected_sources,313146,55230986,11
1887,1880s,rule_based_filtered,3111,639671,12
1887,1880s,selected_sources,383000,71628171,13
1888,1880s,rule_based_filtered,3041,636457,13
1888,1880s,selected_sources,341204,68221942,13
1889,1880s,rule_based_filtered,3281,662668,12
1889,1880s,selected_sources,398384,73271104,14
1890,1890s,rule_based_filtered,4768,954168,14
1890,1890s,selected_sources,564931,107352382,16
1891,1890s,rule_based_filtered,6572,1311535,11
1891,1890s,selected_sources,667413,129756665,11
1892,1890s,rule_based_filtered,5940,1181984,13
1892,1890s,selected_sources,674519,135823824,13
1893,1890s,rule_based_filtered,5208,1059137,17
1893,1890s,selected_sources,621047,124532802,17
1894,1890s,rule_based_filtered,6706,1298368,19
1894,1890s,selected_sources,810992,155057125,19
1895,1890s,rule_based_filtered,5828,1160256,19
1895,1890s,selected_sources,671925,130613119,20
1896,1890s,rule_based_filtered,5537,1115651,14
1896,1890s,selected_sources,740308,148587581,15
1897,1890s,rule_based_filtered,5989,1188420,14
1897,1890s,selected_sources,809272,154742244,15
1898,1890s,rule_based_filtered,5934,1196859,15
1898,1890s,selected_sources,788167,150035206,15
1899,1890s,rule_based_filtered,6310,1267188,12
1899,1890s,selected_sources,806116,149914819,13
1900,1900s,rule_based_filtered,5480,1078077,19
1900,1900s,selected_sources,667400,121107088,19
1901,1900s,rule_based_filtered,5880,1170632,21
1901,1900s,selected_sources,714957,121868427,22
1902,1900s,rule_based_filtered,8149,1565885,22
1902,1900s,selected_sources,905956,151827484,22
1903,1900s,rule_based_filtered,9312,1795635,22
1903,1900s,selected_sources,1026170,172064144,22
1904,1900s,rule_based_filtered,9174,1775754,20
1904,1900s,selected_sources,945735,155938137,20
1905,1900s,rule_based_filtered,12147,2348745,22
1905,1900s,selected_sources,1138245,189895479,22
1906,1900s,rule_based_filtered,12090,2364209,21
1906,1900s,selected_sources,1234349,209201740,23
1907,1900s,rule_based_filtered,11310,2210615,20
1907,1900s,selected_sources,1066005,174766712,20
1908,1900s,rule_based_filtered,12641,2510674,24
1908,1900s,selected_sources,1179605,191963898,24
1909,1900s,rule_based_filtered,14579,2905046,24
1909,1900s,selected_sources,1205629,196285636,24
1910,1910s,rule_based_filtered,14555,2886924,19
1910,1910s,selected_sources,1393480,226819945,20
1911,1910s,rule_based_filtered,9942,1912661,16
1911,1910s,selected_sources,907596,147800027,17
1912,1910s,rule_based_filtered,13171,2522280,21
1912,1910s,selected_sources,1037960,167641322,21
1913,1910s,rule_based_filtered,16608,3205324,23
1913,1910s,selected_sources,1312167,200809008,23
1914,1910s,rule_based_filtered,16003,3159324,21
1914,1910s,selected_sources,1285812,205452436,22
1915,1910s,rule_based_filtered,13024,2492499,20
1915,1910s,selected_sources,1084313,183445557,21
1916,1910s,rule_based_filtered,13334,2528589,21
1916,1910s,selected_sources,1101775,175054553,22
1917,1910s,rule_based_filtered,11748,2239274,20
1917,1910s,selected_sources,924381,144509452,21
1918,1910s,rule_based_filtered,11167,2143840,19
1918,1910s,selected_sources,886226,146707430,20
1919,1910s,rule_based_filtered,12761,2417420,18
1919,1910s,selected_sources,1170882,184660611,18
1920,1920s,rule_based_filtered,10889,2031510,18
1920,1920s,selected_sources,1000051,152310738,19
1921,1920s,rule_based_filtered,12955,2484858,17
1921,1920s,selected_sources,1199750,184985945,18
1922,1920s,rule_based_filtered,14041,2690884,16
1922,1920s,selected_sources,1270617,199639893,18
1923,1920s,rule_based_filtered,6992,1278946,6
1923,1920s,selected_sources,577593,79131463,7
1924,1920s,rule_based_filtered,6018,1094937,7
1924,1920s,selected_sources,557249,77236837,7
1925,1920s,rule_based_filtered,5672,1009718,5
1925,1920s,selected_sources,546345,73667624,5
1926,1920s,rule_based_filtered,4333,802449,4
1926,1920s,selected_sources,442494,64053052,4
1927,1920s,rule_based_filtered,4825,902607,4
1927,1920s,selected_sources,422502,62764102,4
1928,1920s,rule_based_filtered,4512,885856,4
1928,1920s,selected_sources,409335,65295944,4
1929,1920s,rule_based_filtered,4933,997636,5
1929,1920s,selected_sources,419370,68009115,5
1930,1930s,rule_based_filtered,4633,883373,4
1930,1930s,selected_sources,425394,65945580,4
1931,1930s,rule_based_filtered,4541,854852,4
1931,1930s,selected_sources,429272,63528680,4
1932,1930s,rule_based_filtered,4431,817249,4
1932,1930s,selected_sources,418553,61952470,4
1933,1930s,rule_based_filtered,4887,939306,4
1933,1930s,selected_sources,413224,62706655,4
1934,1930s,rule_based_filtered,4850,902655,4
1934,1930s,selected_sources,441794,64564631,4
1935,1930s,rule_based_filtered,4816,899290,4
1935,1930s,selected_sources,449118,65153145,4
1936,1930s,rule_based_filtered,5198,974943,4
1936,1930s,selected_sources,452238,64878103,4
1937,1930s,rule_based_filtered,5541,1074755,4
1937,1930s,selected_sources,468690,65253252,4
1938,1930s,rule_based_filtered,4998,991015,4
1938,1930s,selected_sources,449327,62676598,4
1939,1930s,rule_based_filtered,3872,780629,5
1939,1930s,selected_sources,313736,47000778,5
1940,1940s,rule_based_filtered,4448,893368,5
1940,1940s,selected_sources,317974,47843565,5
1941,1940s,rule_based_filtered,9436,1687947,6
1941,1940s,selected_sources,582570,76344442,6
1942,1940s,rule_based_filtered,8800,1630326,6
1942,1940s,selected_sources,516377,69055830,6
1943,1940s,rule_based_filtered,6436,1200491,6
1943,1940s,selected_sources,486591,65799981,6
1944,1940s,rule_based_filtered,5520,1022152,6
1944,1940s,selected_sources,399489,58195244,6
1945,1940s,rule_based_filtered,4955,884604,5
1945,1940s,selected_sources,380946,62315180,5
1946,1940s,rule_based_filtered,3324,625801,5
1946,1940s,selected_sources,270681,55982076,5
1947,1940s,rule_based_filtered,3377,655584,4
1947,1940s,selected_sources,276895,58356630,4
1948,1940s,rule_based_filtered,3613,708619,5
1948,1940s,selected_sources,303387,58038793,5
1949,1940s,rule_based_filtered,3147,618551,6
1949,1940s,selected_sources,348448,55884200,6
1950,1950s,rule_based_filtered,3399,672759,6
1950,1950s,selected_sources,346621,51827604,6
1951,1950s,rule_based_filtered,3441,691949,5
1951,1950s,selected_sources,346987,52369662,5
1952,1950s,rule_based_filtered,3445,689456,6
1952,1950s,selected_sources,349234,52825420,6
1953,1950s,rule_based_filtered,3239,640070,4
1953,1950s,selected_sources,344607,53241722,4
1954,1950s,rule_based_filtered,3061,588568,4
1954,1950s,selected_sources,335669,52126342,4
1955,1950s,rule_based_filtered,3706,708611,5
1955,1950s,selected_sources,359478,52718816,5
1956,1950s,rule_based_filtered,3745,700800,5
1956,1950s,selected_sources,371009,49499715,5
1957,1950s,rule_based_filtered,3255,614062,6
1957,1950s,selected_sources,352295,45477571,6
1958,1950s,rule_based_filtered,2039,382092,2
1958,1950s,selected_sources,265201,33230033,2
1959,1950s,rule_based_filtered,2388,436824,2
1959,1950s,selected_sources,307371,37795815,2
1960,1960s,rule_based_filtered,2555,465259,2
1960,1960s,selected_sources,324955,40544959,2
1961,1960s,rule_based_filtered,2508,448253,2
1961,1960s,selected_sources,313501,39481303,2
1962,1960s,rule_based_filtered,2518,450043,2
1962,1960s,selected_sources,307220,38684831,2
1963,1960s,rule_based_filtered,2570,466681,2
1963,1960s,selected_sources,317669,40080156,2
