decade,original_american_stories_articles,original_american_stories_words,original_american_stories_publishers,selected_sources_articles,selected_sources_words,selected_sources_publishers,rule_based_filtered_articles,rule_based_filtered_words,rule_based_filtered_publishers,selected_share_of_original_articles,rule_based_share_of_selected_articles,rule_based_share_of_original_articles
1830s,1231537,282467353,128,64973,15200442,2,951,215803,2,0.05275765161745039,0.014636849152724979,0.0007722057883766383
1840s,4674484,976121028,284,521718,122257868,7,4566,887852,7,0.11160975200685253,0.008751854450105229,0.0009767923047763133
1850s,12438068,2318290894,589,1182802,264507573,8,5001,1216258,7,0.09509531544609662,0.004228095657599497,0.00040207209029569546
1860s,15960610,2922573655,719,2044060,460463756,14,11689,3035337,14,0.12806903996777066,0.005718520982750017,0.000732365492296347
1870s,20785268,3709036129,708,2858936,647933195,19,19858,4646947,19,0.13754626594181996,0.006945940727599359,0.0009553882105344997
1880s,31016768,5097039778,1031,3232520,596598486,20,22233,4436133,19,0.10421846660490222,0.006877915681882865,0.0007168058258036427
1890s,55240972,8634352771,1281,7154690,1386415767,27,58792,11733566,26,0.1295178151463374,0.008217267275032181,0.0010642825039356657
1900s,74376483,10421998819,1673,10084051,1684918745,33,100762,19725272,33,0.135581175571316,0.009992214438423606,0.0013547561801221495
1910s,84786471,11414296090,1618,11104592,1782900341,29,132313,25508135,29,0.1309712725276654,0.011915160863181645,0.0015605437806227363
1920s,33969847,4540589528,1029,6845306,1027094713,19,75170,14179401,18,0.20151124024785863,0.01098124758776306,0.00221284482087894
1930s,11917368,1616340783,186,4261346,623659892,6,47767,9118067,6,0.357574424151373,0.011209369058508743,0.004008183686196483
1940s,10663135,1459071912,217,3883358,607815941,8,53056,9927443,8,0.36418539200713484,0.013662402487743855,0.0049756474057582505
1950s,6555599,883146503,150,3378472,481112700,6,31718,6125191,6,0.5153567202630911,0.00938826783232183,0.004838306919016859
1960s,2259386,283074032,86,1263345,158791249,2,10151,1830236,2,0.5591541241735587,0.008035018146270417,0.0044928135342964855
