year,decade,original_articles_estimated_from_decade,selected_articles,rule_based_filtered_articles,selected_share_of_original_estimate,rule_based_share_of_selected,original_words_estimated_from_decade,selected_words,rule_based_filtered_words,selected_publishers,rule_based_filtered_publishers
1837,1830s,410512,15693,276,0.03822784,0.017587459,94155784,4112549,69233,2,2
1838,1830s,410512,24241,223,0.059050601,0.00919929,94155784,5609934,49080,2,2
1839,1830s,410512,25039,452,0.060994513,0.018051839,94155784,5477959,97490,2,2
1840,1840s,467448,30564,381,0.065384757,0.012465646,97612103,6560765,79338,1,1
1841,1840s,467448,29007,116,0.062053908,0.003999035,97612103,5219450,31517,2,2
1842,1840s,467448,58366,726,0.12486084,0.012438749,97612103,12893311,138740,4,4
1843,1840s,467448,46885,853,0.100299841,0.018193452,97612103,11007514,154914,1,1
1844,1840s,467448,56089,706,0.119989714,0.012587138,97612103,12229933,136074,4,4
1845,1840s,467448,91997,665,0.196806749,0.007228497,97612103,19061011,124865,4,4
1846,1840s,467448,88533,578,0.189396306,0.006528639,97612103,19519771,113399,4,4
1847,1840s,467448,37180,215,0.079538191,0.005782679,97612103,10878543,46238,2,2
1848,1840s,467448,41122,183,0.087971207,0.004450173,97612103,12454465,35079,2,2
1849,1840s,467448,41975,143,0.089796007,0.00340679,97612103,12433105,27688,2,2
1850,1850s,1243807,49648,130,0.039916167,0.002618434,231829089,13961319,27482,2,2
1851,1850s,1243807,59585,244,0.04790535,0.00409499,231829089,15920708,58359,2,2
1852,1850s,1243807,78034,346,0.062738039,0.004433965,231829089,18169739,70672,2,2
1853,1850s,1243807,132858,619,0.106815624,0.00465911,231829089,27812698,130473,2,2
1854,1850s,1243807,162815,564,0.130900555,0.003464054,231829089,31987320,120545,3,3
1855,1850s,1243807,148880,487,0.119697046,0.003271091,231829089,28258112,116812,3,2
1856,1850s,1243807,124988,504,0.100488275,0.004032387,231829089,27656438,118923,3,3
1857,1850s,1243807,112899,393,0.09076892,0.003480987,231829089,27640011,109174,3,2
1858,1850s,1243807,146921,867,0.118122043,0.005901131,231829089,35486835,245965,4,4
1859,1850s,1243807,166174,847,0.133601135,0.005097067,231829089,37614393,217853,6,5
1860,1860s,1596061,150445,723,0.094260182,0.004805743,292257365,36952517,202261,5,5
1861,1860s,1596061,208021,1215,0.130333991,0.005840756,292257365,43123683,292584,9,8
1862,1860s,1596061,158555,1226,0.099341441,0.007732333,292257365,33189982,351219,8,7
1863,1860s,1596061,141269,891,0.088511028,0.006307116,292257365,29789743,255732,8,6
1864,1860s,1596061,164094,1120,0.10281186,0.006825356,292257365,34432326,315739,9,8
1865,1860s,1596061,155508,1062,0.097432366,0.006829231,292257365,33248550,291823,9,9
1866,1860s,1596061,250185,1220,0.156751528,0.004876391,292257365,57755524,319501,11,11
1867,1860s,1596061,287563,1661,0.180170432,0.005776126,292257365,66439181,427758,11,10
1868,1860s,1596061,267473,1179,0.167583194,0.004407922,292257365,62807023,263838,11,11
1869,1860s,1596061,260947,1392,0.163494378,0.005334417,292257365,62725227,314882,11,10
1870,1870s,2078527,288394,1555,0.138749233,0.005391929,370903613,69161946,351566,11,11
1871,1870s,2078527,233887,1257,0.112525371,0.00537439,370903613,55646485,274374,9,9
1872,1870s,2078527,217779,1364,0.104775652,0.00626323,370903613,51429489,299048,9,9
1873,1870s,2078527,261089,1597,0.125612525,0.006116688,370903613,57717309,359712,12,11
1874,1870s,2078527,286383,1508,0.137781721,0.005265676,370903613,60799223,323988,11,11
1875,1870s,2078527,349123,2022,0.167966562,0.005791655,370903613,72052135,475815,13,13
1876,1870s,2078527,330267,2886,0.158894752,0.008738384,370903613,75537487,723514,13,12
1877,1870s,2078527,294471,2799,0.141672939,0.00950518,370903613,66747379,681691,11,11
1878,1870s,2078527,344389,2888,0.165688987,0.008385866,370903613,77901488,708044,14,13
1879,1870s,2078527,253154,1982,0.121794917,0.007829226,370903613,60940254,449195,12,10
1880,1880s,3101677,224427,1036,0.072356668,0.0046162,509703978,42701185,188828,10,10
1881,1880s,3101677,265240,1382,0.085515035,0.005210376,509703978,48744716,260272,11,10
1882,1880s,3101677,272131,1573,0.087736736,0.005780304,509703978,53721342,303414,12,12
1883,1880s,3101677,309190,2035,0.09968479,0.006581714,509703978,58434191,400036,13,13
1884,1880s,3101677,395212,2098,0.127418821,0.005308543,509703978,67475404,396450,15,15
1885,1880s,3101677,330586,2436,0.106582994,0.007368733,509703978,57169445,494331,13,13
1886,1880s,3101677,313146,2240,0.100960229,0.007153213,509703978,55230986,454006,11,11
1887,1880s,3101677,383000,3111,0.123481596,0.008122715,509703978,71628171,639671,13,12
1888,1880s,3101677,341204,3041,0.110006304,0.008912557,509703978,68221942,636457,13,13
1889,1880s,3101677,398384,3281,0.128441493,0.008235773,509703978,73271104,662668,14,12
1890,1890s,5524097,564931,4768,0.102266665,0.008439969,863435277,107352382,954168,16,14
1891,1890s,5524097,667413,6572,0.120818475,0.009846976,863435277,129756665,1311535,11,11
1892,1890s,5524097,674519,5940,0.122104839,0.008806275,863435277,135823824,1181984,13,13
1893,1890s,5524097,621047,5208,0.112425067,0.008385839,863435277,124532802,1059137,17,17
1894,1890s,5524097,810992,6706,0.146809871,0.008268886,863435277,155057125,1298368,19,19
1895,1890s,5524097,671925,5828,0.12163526,0.008673587,863435277,130613119,1160256,20,19
1896,1890s,5524097,740308,5537,0.134014296,0.007479319,863435277,148587581,1115651,15,14
1897,1890s,5524097,809272,5989,0.146498508,0.007400478,863435277,154742244,1188420,15,14
1898,1890s,5524097,788167,5934,0.142677975,0.007528861,863435277,150035206,1196859,15,15
1899,1890s,5524097,806116,6310,0.145927193,0.007827658,863435277,149914819,1267188,13,12
1900,1900s,7437648,667400,5480,0.089732665,0.008210968,1042199882,121107088,1078077,19,19
1901,1900s,7437648,714957,5880,0.096126756,0.008224271,1042199882,121868427,1170632,22,21
1902,1900s,7437648,905956,8149,0.121806781,0.008994918,1042199882,151827484,1565885,22,22
1903,1900s,7437648,1026170,9312,0.137969686,0.00907452,1042199882,172064144,1795635,22,22
1904,1900s,7437648,945735,9174,0.127155112,0.009700392,1042199882,155938137,1775754,20,20
1905,1900s,7437648,1138245,12147,0.153038293,0.010671692,1042199882,189895479,2348745,22,22
1906,1900s,7437648,1234349,12090,0.165959582,0.009794637,1042199882,209201740,2364209,23,21
1907,1900s,7437648,1066005,11310,0.143325546,0.010609706,1042199882,174766712,2210615,20,20
1908,1900s,7437648,1179605,12641,0.158599191,0.010716299,1042199882,191963898,2510674,24,24
1909,1900s,7437648,1205629,14579,0.162098146,0.012092443,1042199882,196285636,2905046,24,24
1910,1910s,8478647,1393480,14555,0.164351692,0.010445073,1141429609,226819945,2886924,20,19
1911,1910s,8478647,907596,9942,0.107044908,0.010954213,1141429609,147800027,1912661,17,16
1912,1910s,8478647,1037960,13171,0.122420474,0.012689314,1141429609,167641322,2522280,21,21
1913,1910s,8478647,1312167,16608,0.154761365,0.012656926,1141429609,200809008,3205324,23,23
1914,1910s,8478647,1285812,16003,0.151652968,0.012445832,1141429609,205452436,3159324,22,21
1915,1910s,8478647,1084313,13024,0.127887502,0.012011292,1141429609,183445557,2492499,21,20
1916,1910s,8478647,1101775,13334,0.129947029,0.012102289,1141429609,175054553,2528589,22,21
1917,1910s,8478647,924381,11748,0.109024587,0.012709045,1141429609,144509452,2239274,21,20
1918,1910s,8478647,886226,11167,0.104524459,0.012600623,1141429609,146707430,2143840,20,19
1919,1910s,8478647,1170882,12761,0.13809774,0.010898622,1141429609,184660611,2417420,18,18
1920,1920s,3396985,1000051,10889,0.294393731,0.010888445,454058953,152310738,2031510,19,18
1921,1920s,3396985,1199750,12955,0.353180867,0.010798083,454058953,184985945,2484858,18,17
1922,1920s,3396985,1270617,14041,0.374042603,0.011050537,454058953,199639893,2690884,18,16
1923,1920s,3396985,577593,6992,0.170031087,0.01210541,454058953,79131463,1278946,7,6
1924,1920s,3396985,557249,6018,0.164042246,0.010799481,454058953,77236837,1094937,7,7
1925,1920s,3396985,546345,5672,0.160832341,0.010381719,454058953,73667624,1009718,5,5
1926,1920s,3396985,442494,4333,0.130260816,0.009792223,454058953,64053052,802449,4,4
1927,1920s,3396985,422502,4825,0.124375597,0.011420064,454058953,62764102,902607,4,4
1928,1920s,3396985,409335,4512,0.120499512,0.011022756,454058953,65295944,885856,4,4
1929,1920s,3396985,419370,4933,0.123453603,0.011762882,454058953,68009115,997636,5,5
1930,1930s,1191737,425394,4633,0.356952978,0.01089108,161634078,65945580,883373,4,4
1931,1930s,1191737,429272,4541,0.360207052,0.010578375,161634078,63528680,854852,4,4
1932,1930s,1191737,418553,4431,0.351212617,0.010586473,161634078,61952470,817249,4,4
1933,1930s,1191737,413224,4887,0.346740992,0.011826515,161634078,62706655,939306,4,4
1934,1930s,1191737,441794,4850,0.370714406,0.010977967,161634078,64564631,902655,4,4
1935,1930s,1191737,449118,4816,0.376860058,0.01072324,161634078,65153145,899290,4,4
1936,1930s,1191737,452238,5198,0.379478086,0.011493948,161634078,64878103,974943,4,4
1937,1930s,1191737,468690,5541,0.393283148,0.011822313,161634078,65253252,1074755,4,4
1938,1930s,1191737,449327,4998,0.377035433,0.011123302,161634078,62676598,991015,4,4
1939,1930s,1191737,313736,3872,0.263259471,0.012341587,161634078,47000778,780629,5,5
1940,1940s,1066314,317974,4448,0.298199357,0.013988565,145907191,47843565,893368,5,5
1941,1940s,1066314,582570,9436,0.546340265,0.016197195,145907191,76344442,1687947,6,6
1942,1940s,1066314,516377,8800,0.484263774,0.017041812,145907191,69055830,1630326,6,6
1943,1940s,1066314,486591,6436,0.456330151,0.013226714,145907191,65799981,1200491,6,6
1944,1940s,1066314,399489,5520,0.37464498,0.013817652,145907191,58195244,1022152,6,6
1945,1940s,1066314,380946,4955,0.35725516,0.013007093,145907191,62315180,884604,5,5
1946,1940s,1066314,270681,3324,0.253847485,0.012280138,145907191,55982076,625801,5,5
1947,1940s,1066314,276895,3377,0.259675039,0.012195959,145907191,58356630,655584,4,4
1948,1940s,1066314,303387,3613,0.284519515,0.011908882,145907191,58038793,708619,5,5
1949,1940s,1066314,348448,3147,0.326778194,0.009031477,145907191,55884200,618551,6,6
1950,1950s,655560,346621,3399,0.528740394,0.009806099,88314650,51827604,672759,6,6
1951,1950s,655560,346987,3441,0.529298696,0.009916798,88314650,52369662,691949,5,5
1952,1950s,655560,349234,3445,0.5327263,0.009864446,88314650,52825420,689456,6,6
1953,1950s,655560,344607,3239,0.525668211,0.009399113,88314650,53241722,640070,4,4
1954,1950s,655560,335669,3061,0.512034064,0.009119102,88314650,52126342,588568,4,4
1955,1950s,655560,359478,3706,0.548352637,0.010309393,88314650,52718816,708611,5,5
1956,1950s,655560,371009,3745,0.565942182,0.010094095,88314650,49499715,700800,5,5
1957,1950s,655560,352295,3255,0.537395591,0.009239416,88314650,45477571,614062,6,6
1958,1950s,655560,265201,2039,0.404541217,0.007688508,88314650,33230033,382092,2,2
1959,1950s,655560,307371,2388,0.46886791,0.007769113,88314650,37795815,436824,2,2
1960,1960s,564846,324955,2555,0.575297891,0.007862627,70768508,40544959,465259,2,2
1961,1960s,564846,313501,2508,0.555019815,0.007999974,70768508,39481303,448253,2,2
1962,1960s,564846,307220,2518,0.54389998,0.008196081,70768508,38684831,450043,2,2
1963,1960s,564846,317669,2570,0.562398811,0.008090182,70768508,40080156,466681,2,2