year,decade,original_articles_estimated_from_decade,selected_articles,rule_based_filtered_articles,selected_percent_of_original_estimate,rule_based_filtered_percent_of_selected,selected_publishers,rule_based_filtered_publishers
1837,1830s,410512,15693,276,3.82,1.76,2,2
1838,1830s,410512,24241,223,5.91,0.92,2,2
1839,1830s,410512,25039,452,6.1,1.81,2,2
1840,1840s,467448,30564,381,6.54,1.25,1,1
1841,1840s,467448,29007,116,6.21,0.4,2,2
1842,1840s,467448,58366,726,12.49,1.24,4,4
1843,1840s,467448,46885,853,10.03,1.82,1,1
1844,1840s,467448,56089,706,12,1.26,4,4
1845,1840s,467448,91997,665,19.68,0.72,4,4
1846,1840s,467448,88533,578,18.94,0.65,4,4
1847,1840s,467448,37180,215,7.95,0.58,2,2
1848,1840s,467448,41122,183,8.8,0.45,2,2
1849,1840s,467448,41975,143,8.98,0.34,2,2
1850,1850s,1243807,49648,130,3.99,0.26,2,2
1851,1850s,1243807,59585,244,4.79,0.41,2,2
1852,1850s,1243807,78034,346,6.27,0.44,2,2
1853,1850s,1243807,132858,619,10.68,0.47,2,2
1854,1850s,1243807,162815,564,13.09,0.35,3,3
1855,1850s,1243807,148880,487,11.97,0.33,3,2
1856,1850s,1243807,124988,504,10.05,0.4,3,3
1857,1850s,1243807,112899,393,9.08,0.35,3,2
1858,1850s,1243807,146921,867,11.81,0.59,4,4
1859,1850s,1243807,166174,847,13.36,0.51,6,5
1860,1860s,1596061,150445,723,9.43,0.48,5,5
1861,1860s,1596061,208021,1215,13.03,0.58,9,8
1862,1860s,1596061,158555,1226,9.93,0.77,8,7
1863,1860s,1596061,141269,891,8.85,0.63,8,6
1864,1860s,1596061,164094,1120,10.28,0.68,9,8
1865,1860s,1596061,155508,1062,9.74,0.68,9,9
1866,1860s,1596061,250185,1220,15.68,0.49,11,11
1867,1860s,1596061,287563,1661,18.02,0.58,11,10
1868,1860s,1596061,267473,1179,16.76,0.44,11,11
1869,1860s,1596061,260947,1392,16.35,0.53,11,10
1870,1870s,2078527,288394,1555,13.87,0.54,11,11
1871,1870s,2078527,233887,1257,11.25,0.54,9,9
1872,1870s,2078527,217779,1364,10.48,0.63,9,9
1873,1870s,2078527,261089,1597,12.56,0.61,12,11
1874,1870s,2078527,286383,1508,13.78,0.53,11,11
1875,1870s,2078527,349123,2022,16.8,0.58,13,13
1876,1870s,2078527,330267,2886,15.89,0.87,13,12
1877,1870s,2078527,294471,2799,14.17,0.95,11,11
1878,1870s,2078527,344389,2888,16.57,0.84,14,13
1879,1870s,2078527,253154,1982,12.18,0.78,12,10
1880,1880s,3101677,224427,1036,7.24,0.46,10,10
1881,1880s,3101677,265240,1382,8.55,0.52,11,10
1882,1880s,3101677,272131,1573,8.77,0.58,12,12
1883,1880s,3101677,309190,2035,9.97,0.66,13,13
1884,1880s,3101677,395212,2098,12.74,0.53,15,15
1885,1880s,3101677,330586,2436,10.66,0.74,13,13
1886,1880s,3101677,313146,2240,10.1,0.72,11,11
1887,1880s,3101677,383000,3111,12.35,0.81,13,12
1888,1880s,3101677,341204,3041,11,0.89,13,13
1889,1880s,3101677,398384,3281,12.84,0.82,14,12
1890,1890s,5524097,564931,4768,10.23,0.84,16,14
1891,1890s,5524097,667413,6572,12.08,0.98,11,11
1892,1890s,5524097,674519,5940,12.21,0.88,13,13
1893,1890s,5524097,621047,5208,11.24,0.84,17,17
1894,1890s,5524097,810992,6706,14.68,0.83,19,19
1895,1890s,5524097,671925,5828,12.16,0.87,20,19
1896,1890s,5524097,740308,5537,13.4,0.75,15,14
1897,1890s,5524097,809272,5989,14.65,0.74,15,14
1898,1890s,5524097,788167,5934,14.27,0.75,15,15
1899,1890s,5524097,806116,6310,14.59,0.78,13,12
1900,1900s,7437648,667400,5480,8.97,0.82,19,19
1901,1900s,7437648,714957,5880,9.61,0.82,22,21
1902,1900s,7437648,905956,8149,12.18,0.9,22,22
1903,1900s,7437648,1026170,9312,13.8,0.91,22,22
1904,1900s,7437648,945735,9174,12.72,0.97,20,20
1905,1900s,7437648,1138245,12147,15.3,1.07,22,22
1906,1900s,7437648,1234349,12090,16.6,0.98,23,21
1907,1900s,7437648,1066005,11310,14.33,1.06,20,20
1908,1900s,7437648,1179605,12641,15.86,1.07,24,24
1909,1900s,7437648,1205629,14579,16.21,1.21,24,24
1910,1910s,8478647,1393480,14555,16.44,1.04,20,19
1911,1910s,8478647,907596,9942,10.7,1.1,17,16
1912,1910s,8478647,1037960,13171,12.24,1.27,21,21
1913,1910s,8478647,1312167,16608,15.48,1.27,23,23
1914,1910s,8478647,1285812,16003,15.17,1.24,22,21
1915,1910s,8478647,1084313,13024,12.79,1.2,21,20
1916,1910s,8478647,1101775,13334,12.99,1.21,22,21
1917,1910s,8478647,924381,11748,10.9,1.27,21,20
1918,1910s,8478647,886226,11167,10.45,1.26,20,19
1919,1910s,8478647,1170882,12761,13.81,1.09,18,18
1920,1920s,3396985,1000051,10889,29.44,1.09,19,18
1921,1920s,3396985,1199750,12955,35.32,1.08,18,17
1922,1920s,3396985,1270617,14041,37.4,1.11,18,16
1923,1920s,3396985,577593,6992,17,1.21,7,6
1924,1920s,3396985,557249,6018,16.4,1.08,7,7
1925,1920s,3396985,546345,5672,16.08,1.04,5,5
1926,1920s,3396985,442494,4333,13.03,0.98,4,4
1927,1920s,3396985,422502,4825,12.44,1.14,4,4
1928,1920s,3396985,409335,4512,12.05,1.1,4,4
1929,1920s,3396985,419370,4933,12.35,1.18,5,5
1930,1930s,1191737,425394,4633,35.7,1.09,4,4
1931,1930s,1191737,429272,4541,36.02,1.06,4,4
1932,1930s,1191737,418553,4431,35.12,1.06,4,4
1933,1930s,1191737,413224,4887,34.67,1.18,4,4
1934,1930s,1191737,441794,4850,37.07,1.1,4,4
1935,1930s,1191737,449118,4816,37.69,1.07,4,4
1936,1930s,1191737,452238,5198,37.95,1.15,4,4
1937,1930s,1191737,468690,5541,39.33,1.18,4,4
1938,1930s,1191737,449327,4998,37.7,1.11,4,4
1939,1930s,1191737,313736,3872,26.33,1.23,5,5
1940,1940s,1066314,317974,4448,29.82,1.4,5,5
1941,1940s,1066314,582570,9436,54.63,1.62,6,6
1942,1940s,1066314,516377,8800,48.43,1.7,6,6
1943,1940s,1066314,486591,6436,45.63,1.32,6,6
1944,1940s,1066314,399489,5520,37.46,1.38,6,6
1945,1940s,1066314,380946,4955,35.73,1.3,5,5
1946,1940s,1066314,270681,3324,25.38,1.23,5,5
1947,1940s,1066314,276895,3377,25.97,1.22,4,4
1948,1940s,1066314,303387,3613,28.45,1.19,5,5
1949,1940s,1066314,348448,3147,32.68,0.9,6,6
1950,1950s,655560,346621,3399,52.87,0.98,6,6
1951,1950s,655560,346987,3441,52.93,0.99,5,5
1952,1950s,655560,349234,3445,53.27,0.99,6,6
1953,1950s,655560,344607,3239,52.57,0.94,4,4
1954,1950s,655560,335669,3061,51.2,0.91,4,4
1955,1950s,655560,359478,3706,54.84,1.03,5,5
1956,1950s,655560,371009,3745,56.59,1.01,5,5
1957,1950s,655560,352295,3255,53.74,0.92,6,6
1958,1950s,655560,265201,2039,40.45,0.77,2,2
1959,1950s,655560,307371,2388,46.89,0.78,2,2
1960,1960s,564846,324955,2555,57.53,0.79,2,2
1961,1960s,564846,313501,2508,55.5,0.8,2,2
1962,1960s,564846,307220,2518,54.39,0.82,2,2
1963,1960s,564846,317669,2570,56.24,0.81,2,2