year,n_articles,total_words,mean_words,n_publishers,n_article_like_or_uncertain,n_non_article_like,share_non_article_like,mean_sentiment_neg,mean_sentiment_pos_minus_neg,mean_negative,mean_sent_neutral,mean_positive,mean_anger,mean_disgust,mean_fear,mean_sadness,mean_joy,mean_surprise,mean_emo_neutral,mean_emotion_distress,mean_avg_sentence_length,mean_avg_word_length,mean_flesch_reading_ease,mean_flesch_kincaid_grade,wavg_sentiment_neg,wavg_sentiment_pos_minus_neg,wavg_negative,wavg_sent_neutral,wavg_positive,wavg_anger,wavg_disgust,wavg_fear,wavg_sadness,wavg_joy,wavg_surprise,wavg_emo_neutral,wavg_emotion_distress,wavg_avg_sentence_length,wavg_avg_word_length,wavg_flesch_reading_ease,wavg_flesch_kincaid_grade
1837,276,69233,250.84420289855072,2,268,8,0.028985507246376812,0.08461853486917698,0.1961386480193207,0.08461853486917698,0.6346242784158044,0.2807571828884977,0.07031466256096568,0.015590212521298477,0.10629881080377095,0.1587948016210736,0.30987978517710557,0.07894736888693592,0.2601743562731629,0.3354082749858102,29.571137178619416,4.877801639157293,44.56294969696907,14.389985622444557,0.0911904598609318,0.17610706993745037,0.0911904598609318,0.6415120073506217,0.26729752979838217,0.07872135811318781,0.013835582840156983,0.14712561003179597,0.16222239579226663,0.2834936829514051,0.08654867061318686,0.2280526949862261,0.38806936393725044,31.20990267735828,4.840063423100805,44.25450217224772,14.84012291888317
1838,223,49080,220.0896860986547,2,221,2,0.008968609865470852,0.13153405676098884,0.15047713547669384,0.13153405676098884,0.5864547455324186,0.2820111922376827,0.08547259269035819,0.020507941410261844,0.07086878974889113,0.2082716784478612,0.29324161589292874,0.08092997893179461,0.24070740382775932,0.36461306088711054,26.30030548183102,4.779768337381311,51.3990645066633,12.623919138688132,0.1322475093799987,0.12930215581097454,0.1322475093799987,0.6062028203413085,0.2615496651909732,0.08385424175323518,0.02466815309098442,0.09227272265357517,0.22564237410602153,0.2766753471637993,0.08155778893611634,0.2153293701485678,0.4017693385128319,27.244824641908025,4.715764287357736,52.723517084827634,12.673829525981267
1839,452,97490,215.68584070796462,2,428,24,0.05309734513274336,0.09344118631720971,0.24004316091253133,0.09344118631720971,0.5730744670104004,0.3334843472297411,0.04788299969529354,0.016539249946175255,0.11137274149332692,0.12548480817710206,0.2745056148019384,0.07567921545267912,0.34853537661791983,0.2847405493657225,26.987229530619533,4.813452925670847,50.90314755715064,12.863740684050278,0.09959076846796812,0.22007138606298252,0.09959076846796812,0.5807470780725751,0.31966215453095065,0.05177003462645305,0.016543789446458373,0.12737035701376878,0.13661805991714265,0.26840930828009146,0.07911682411109337,0.32017163359191564,0.3157584515573645,28.127748484728045,4.787136997602009,50.4720601536333,13.20720543842384
1840,381,79338,208.23622047244095,1,378,3,0.007874015748031496,0.16125650064508842,0.06977792786436737,0.16125650064508842,0.6077090711222859,0.2310344285094558,0.0823952430312881,0.03867050428786792,0.1161010270310979,0.24686980931872987,0.19460871599289511,0.08742564134718361,0.23392905761228674,0.4453660793811159,29.28977714653086,4.733038490531092,50.392904330671605,13.506926420646744,0.15443203508837455,0.0778532861517657,0.15443203508837455,0.6132826426228992,0.23228532124014026,0.0864937803523485,0.038748807552996194,0.14314986687996356,0.2777693123778235,0.1794999581753984,0.07608985274050893,0.19824842020732605,0.5074129596101355,30.61403142461442,4.699356180008717,50.48694841337631,13.8227908649324
1841,116,31517,271.69827586206895,2,116,0,0.0,0.15736814051192125,0.05944631106605561,0.15736814051192125,0.6258174034542051,0.21681445157797685,0.10393114827808138,0.014204921792231194,0.1322822081788688,0.236621276798642,0.23883869490638407,0.0694596267060441,0.20466212835865386,0.47283463325559216,30.352407405510327,4.743519318068075,48.19205560191206,14.077887592660149,0.16459160203220058,0.012375886403444395,0.16459160203220058,0.6584409001011282,0.17696748843564497,0.12657357262202532,0.013406170486716015,0.20164723332803705,0.22465817812909789,0.19166194288479663,0.07538929631353122,0.166663606820496,0.5528789840791603,31.87938909465521,4.643191589746945,50.8092160946519,14.092191142854329
1842,726,138712,191.0633608815427,4,687,39,0.05371900826446281,0.09836442193360204,0.24390520313344177,0.09836442193360204,0.5593659532725934,0.34226962506704384,0.08757229440748697,0.028574360417051064,0.0475870355469904,0.16901291205727986,0.32078889912771563,0.07626707321828226,0.27019742569217803,0.30417224201175724,26.037640123016644,4.843570302285674,49.320116696291215,12.848637180250648,0.09567350141788149,0.24330591136628607,0.09567350141788149,0.5653470871088017,0.3389794127841676,0.09130791305054908,0.02784888655438433,0.06790350327469988,0.17318721980628032,0.318962021730165,0.0711256127877238,0.24966484259306265,0.33239863613152926,26.2275955141051,4.824772076562761,49.864199140133714,12.819938830571742
1843,853,154914,181.61078546307152,1,796,57,0.0668229777256741,0.08477749610385243,0.23224316793466632,0.08477749610385243,0.5982018382204446,0.31702066403851875,0.051127547702554434,0.023481366275697794,0.08451482717888534,0.11588749951728841,0.3638058224574751,0.08241373095071819,0.2787692082707649,0.2515298743987282,29.55462729305616,4.901321274793335,43.93849808123064,14.472982558624588,0.08662339177404212,0.21596307102032927,0.08662339177404212,0.6107901436283071,0.3025864627943714,0.052654274299039856,0.02304918831886849,0.08424134848777536,0.1291043552908973,0.3602882604637858,0.08232716058188684,0.26833541483050105,0.26599997807771253,30.67838238345714,4.886104415847573,43.17787628523217,14.858246127510395
1844,706,136074,192.73937677053826,4,672,34,0.04815864022662889,0.11474087933624538,0.18616336901875336,0.11474087933624538,0.5843548729234815,0.30090424835499874,0.07014133111526266,0.01581415408790552,0.07927849014264449,0.17903626450435087,0.25552789800372977,0.0926077356688987,0.3075941279952654,0.328456085762258,26.501088027765547,4.878667954450877,48.317643261051714,13.103595468074925,0.11843714453217587,0.1790624259197249,0.11843714453217587,0.5840632865711853,0.2974995704519008,0.07256556530139795,0.013753494333953887,0.09568925452026453,0.194357682428316,0.25325004487865976,0.09794551509002612,0.27243844485131746,0.36261250224997843,28.14780437986272,4.850093048708637,47.54811206956079,13.620019884524325
1845,665,124865,187.7669172932331,4,617,48,0.07218045112781955,0.10389646196849925,0.21933431023087605,0.10389646196849925,0.5728727670596506,0.3232307721993753,0.06435266411460627,0.0241248408866402,0.08504195252938469,0.1966737009490371,0.280651396099492,0.08555097000032691,0.26360447685920485,0.3460683175930281,25.65779939800351,4.839746166835016,49.67904957916832,12.704210223565651,0.10419702294886354,0.21835301347058694,0.10419702294886354,0.5732529416210442,0.32255003641945046,0.06859428352273081,0.022659413409654584,0.09700846089647909,0.21382290404539733,0.27100205026634466,0.08495277353802377,0.2419601149530841,0.3794256484646072,26.41627737184435,4.823976501355018,49.24351982361684,12.953384959874402
1846,578,113399,196.19204152249134,4,553,25,0.04325259515570934,0.10389526518122986,0.15692237789571853,0.10389526518122986,0.6352870939267239,0.2608176430769484,0.07110482634008528,0.02513628935042179,0.09230040018014718,0.16010399431209354,0.24615535023088478,0.08384062446785566,0.3213585142010362,0.32350922083232597,26.46078979152845,4.822901172517556,49.93152752856371,12.86847983701539,0.09871584664345902,0.15327955637077836,0.09871584664345902,0.6492887530831469,0.25199540301423734,0.07359524827830301,0.023880495974747576,0.10558496236247773,0.17038808591565827,0.24771754218766615,0.0824945652046584,0.29633910055486407,0.349568296556439,28.05035435229886,4.799284010247567,49.13866105239225,13.373960957494528
1847,215,46238,215.06046511627906,2,208,7,0.03255813953488372,0.11239563307161768,0.135524063645104,0.11239563307161768,0.6396846687811059,0.24791969671672168,0.08819151688908596,0.013304693283253285,0.15140550245238513,0.1563952324749512,0.2329192280482371,0.10905375805964997,0.2487300673521362,0.3959922518164223,29.587735719899122,4.795348347271651,47.28979710829916,14.01376874405662,0.12296990036383705,0.11415662878549412,0.12296990036383705,0.6399035660020749,0.23712652914933116,0.09326110252062554,0.011284469025736973,0.18619588284460456,0.17453004887832088,0.22681624018472413,0.10218529278378059,0.20572695786792575,0.45398703424355097,32.1304418658509,4.765949671887886,45.424956422589375,14.905555684492132
1848,183,35079,191.68852459016392,2,177,6,0.03278688524590164,0.1341066235737478,0.08398388100462288,0.1341066235737478,0.6478028722880967,0.2180905045783707,0.0685687476531806,0.016040726257405432,0.09485489026200576,0.17293558744560988,0.2589026019129841,0.12039290309395091,0.26830454200984594,0.33635922536079627,28.441168991870157,4.8181647896350315,47.470569377406015,13.703715485209745,0.14972223240577692,0.049923500319339474,0.14972223240577692,0.6506320352802092,0.19964573272511638,0.07856294315942476,0.01524095312356486,0.1180173862146964,0.18615620419536477,0.25028059447019385,0.11310418373810341,0.2386377287144095,0.38273653356948595,30.03950849984922,4.791354071552165,46.943385056701615,14.174319225440337
1849,143,27688,193.62237762237763,2,137,6,0.04195804195804196,0.1281224173229917,0.07630674489383045,0.1281224173229917,0.6674484188531662,0.20442916221682217,0.07481628277589782,0.015862549380179482,0.1302749654339216,0.18719028774241858,0.22759032407628985,0.10305354874369434,0.26121204153071254,0.392281535952238,26.019358261731234,4.800484716953115,50.785300115883125,12.639731811103841,0.13803378785073386,0.056279395395563335,0.13803378785073386,0.6676530279162641,0.1943131832462972,0.09501929864056059,0.02152291592834485,0.16290245823015528,0.17569767610126288,0.21515986337104637,0.10863249308917351,0.221065292353391,0.43361943297197875,27.649650018140296,4.771329322277064,49.82977187753314,13.17801875031163
1850,130,27482,211.4,2,127,3,0.023076923076923078,0.15772694843427207,0.056207225430541886,0.15772694843427207,0.6283388730425101,0.21393417386481395,0.09314588888440854,0.013826698307709124,0.09989498913480649,0.21915519455394064,0.24645785337958773,0.12886058451034701,0.19865878785136515,0.41219607257315566,22.49686759345829,4.754026425803964,56.11771585260374,11.020882023061338,0.17466840613883322,0.029527253473966678,0.17466840613883322,0.6211359280864881,0.2041956596127999,0.0945344155717098,0.016015348448652208,0.11620447829324479,0.23200021428907086,0.2328468821746084,0.13486470808861145,0.1735339470125393,0.44273910815402545,22.97899292116994,4.72509815342118,56.70756080386909,11.058383885798744
1851,244,58359,239.1762295081967,2,238,6,0.02459016393442623,0.1476974933852869,0.06488866504323745,0.1476974933852869,0.6397163502597174,0.21258615842852435,0.13013700613290163,0.01156374333296582,0.10637087253023504,0.17848841674181204,0.2612656354174194,0.1069065029098324,0.2052678255241204,0.4149962954049487,26.393809084188288,4.792186168170898,50.52100997952133,12.769619004303001,0.15108516391543747,0.04262280205977666,0.15108516391543747,0.6552068712256979,0.19370796597521414,0.14686903347884214,0.011229751448707111,0.12787205249352718,0.17951452314144623,0.22603179757973346,0.12672992065066846,0.18175292560745948,0.4542556091138156,28.48745340575772,4.749734480834181,49.58363864887331,13.42048312260172
1852,346,70672,204.2543352601156,2,342,4,0.011560693641618497,0.12599439411074181,0.08426625089655292,0.12599439411074181,0.6637449643946107,0.21026064500729472,0.10418842624868885,0.010626229270737527,0.09346383779484313,0.19957827635895395,0.22924545633211607,0.09531495420630978,0.2675828214629144,0.39723054040248595,25.88856301698218,4.827269798135028,50.706576465787336,12.618218990917544,0.1304689487471531,0.09157366397609372,0.1304689487471531,0.6474884410304639,0.2220426127232468,0.10008272765537875,0.009960194570004384,0.10850572901003729,0.2244636942135748,0.24069905662877258,0.08585056582252835,0.23043803779027403,0.4330521508789908,27.168864381227642,4.802108352988538,50.04306319345373,13.028828333540279
1853,619,130473,210.78029079159936,2,603,16,0.025848142164781908,0.13717379232587198,0.13023272486702991,0.13717379232587198,0.5954196879336301,0.2674065171929019,0.0925129218095077,0.026469562114346156,0.09592145241504334,0.17718542318791902,0.21415141930847664,0.09707647023121833,0.296682749716817,0.3656197974124701,23.26991788279781,4.783701899542824,55.331061296012145,11.322651783094782,0.12775440196824628,0.15378590555569988,0.12775440196824628,0.5907052869028397,0.28154030752394615,0.09594595634213936,0.02490380060290447,0.10728645232461788,0.17343048029181096,0.22862087188606808,0.09256211831762344,0.2772503191005426,0.3766628889585682,24.017324885836686,4.754068168049491,55.569846799531376,11.475022752850586
1854,564,120545,213.7322695035461,3,545,19,0.03368794326241135,0.15109221748256368,0.11021257936417832,0.15109221748256368,0.5876029868881013,0.261304796846742,0.09936600023548693,0.022834778556272847,0.1228688680398623,0.1697052924444648,0.22585914695634612,0.1195832835568168,0.239782631472071,0.391940160719814,24.968006018582397,4.78922114805874,53.19733767591945,12.04211581461817,0.15369510353893082,0.09257355974616883,0.15369510353893082,0.6000362338043563,0.24626866328509964,0.10567984127504186,0.020782193192619564,0.14327287085569274,0.18115343928292557,0.2182160056950803,0.1140083269225372,0.2168873250282332,0.43010615141366015,25.30214389348371,4.766128389647814,53.41083253058317,12.095346741707637
1855,487,116812,239.86036960985626,2,476,11,0.022587268993839837,0.13447399870052673,0.09062364911593619,0.13447399870052673,0.6404283556100402,0.22509764781646294,0.11138793251126262,0.016970055020814456,0.0994268974740019,0.19283367208830507,0.20768472041542216,0.10889636825455078,0.2628003539621746,0.4036485020735696,23.875492790460907,4.788558093831321,53.9883389644382,11.660376267101022,0.12553662089887607,0.08424775827215085,0.12553662089887607,0.6646790021093314,0.2097843791710269,0.10335435770872414,0.014792366634358648,0.1413070556989473,0.20306659787382317,0.18863069756130293,0.10739841872487631,0.24145050523679018,0.4477280112814946,25.332984421772753,4.759309460988479,53.29678148879881,12.118916217784543
1856,504,118923,235.95833333333334,3,493,11,0.021825396825396824,0.14395605057102834,0.10279562586266178,0.14395605057102834,0.6092922726705198,0.24675167643369014,0.09896802452128632,0.01631963997530716,0.09612575374835398,0.2317390306032769,0.23293104480572288,0.10166556786238548,0.22225093508706548,0.4268328088729172,25.728384941511898,4.747337279336947,53.41918595820159,12.200071773155758,0.14999462935111926,0.0715399080340698,0.14999462935111926,0.6284708326166631,0.22153453738518908,0.10236677744301441,0.012742964439528782,0.1240368147587308,0.23539215898212848,0.2171732015488203,0.10381450342491667,0.20447357555797174,0.46179575118387367,26.9549640382591,4.7262463273095925,52.72629703530118,12.601432318859787
1857,393,108730,276.6666666666667,2,387,6,0.015267175572519083,0.15708965939498074,0.031202736596811477,0.15708965939498074,0.6546179445285075,0.1882923959917922,0.11553176514935885,0.026379031792867207,0.14314880625825582,0.20764108212444335,0.17178921474297307,0.11894936596532767,0.21656073380288912,0.466321653532058,29.381039920398937,4.742021296210996,49.533347550912424,13.649489537899033,0.16351609869349099,0.002267197021232245,0.16351609869349099,0.6707006060235922,0.16578329571472322,0.12992668613617223,0.043615781772307495,0.17157015783670962,0.21587025051540398,0.15489205311547616,0.1090497789333962,0.1750752918093255,0.5173670944882858,30.794169410812103,4.728925426263241,48.32784511230444,14.168693690092743
1858,867,245966,283.69780853517875,4,848,19,0.02191464821222607,0.13460598796721002,0.03761145234512941,0.13460598796721002,0.6931765731832286,0.17221744031233943,0.1182886308341474,0.015594578936084838,0.11598538266401012,0.1857402636875015,0.18159334356182244,0.10711896211629134,0.2756788380058147,0.42001427718565904,28.41666424502961,4.830335025138723,47.179210152094534,13.738266579705346,0.1317156592964076,0.045741754619467306,0.1317156592964076,0.6908269286060041,0.1774574139158749,0.11753687468713926,0.015348112919037484,0.13188379601427408,0.21390128264560598,0.20264130245289855,0.10668810742123351,0.2120005240082121,0.4633219533470193,30.02458351910574,4.773596448440631,47.36758917915981,14.111443492990071
1859,847,217853,257.2054309327037,5,815,32,0.03778040141676505,0.14150072959908136,0.05697190953273471,0.14150072959908136,0.6600266301030251,0.19847263913181606,0.10296232445370856,0.02805065648574459,0.12954133645622576,0.19022186554970005,0.2050503754653361,0.09455261891109895,0.2496208214883994,0.4227255264596344,28.48182671864621,4.8342307207999395,46.93863442982943,13.788010234914898,0.13408229877589198,0.05532576194648255,0.13408229877589198,0.6765096394897812,0.18940806072237454,0.10047026694329635,0.023686576549817883,0.1593918572581618,0.2076873550671965,0.19589195429537243,0.09572379456611362,0.2171481944839083,0.4675494792686546,30.85315932809423,4.802348171845299,45.66582569599395,14.55464664758662
1860,723,202261,279.7524204702628,5,713,10,0.013831258644536652,0.15817815549336733,0.049026831718519806,0.15817815549336733,0.6346168569540335,0.20720498721188715,0.12391733763276382,0.026129132766399936,0.14551807711760573,0.194581706885488,0.21353534069068456,0.09886752990778744,0.19745087859945057,0.46401712163585757,29.1051579325506,4.769914188093869,48.315426090283324,13.75082832627746,0.13956423965758388,0.055266111653329904,0.13956423965758388,0.6656054083584781,0.19483035131091378,0.10031811839077567,0.021169737339740653,0.16650872579398848,0.1923063768763343,0.23774783005315075,0.10924813690360782,0.1727010781528721,0.45913322106109844,30.618602537266064,4.751231290329346,47.74365068735081,14.206561364243283
1861,1215,292434,240.68641975308643,8,1156,59,0.048559670781893,0.13387729085506603,0.017880371522250367,0.13387729085506603,0.7143650457784226,0.1517576623773164,0.13174127523131945,0.01927279903373294,0.17493506488324395,0.18826978535011962,0.16725224045775025,0.09289437776322212,0.22563445602635634,0.49494612546468303,25.56991156582858,4.835927113089266,49.36957890320145,12.725541374955586,0.1224582118631804,0.01717182120495198,0.1224582118631804,0.7379117550654579,0.13963003306813238,0.12752195848430284,0.01792764038023379,0.21719830963919876,0.18663194291239696,0.1624473420189589,0.09292309170473084,0.19534971276359,0.5313522110358985,26.37907430323503,4.815793214387643,49.16550596383435,12.955024045601014
1862,1226,351220,286.4763458401305,7,1205,21,0.017128874388254486,0.14743576175932047,-0.0034376670331823325,0.14743576175932047,0.7085661450066706,0.14399809472613814,0.14912596491976757,0.0182843387416679,0.18625901367532988,0.20738610052030768,0.14013078227970782,0.09784916719060154,0.20096463449701946,0.5427710791154051,21.94086010900086,4.831449717432161,53.30315739920393,11.275328600475945,0.13373780167912933,-0.004011378690722797,0.13373780167912933,0.7365357766731263,0.12972642298840653,0.14574449420612318,0.016273392959692223,0.22905290199474754,0.20745840345391092,0.1256857539140089,0.10135759008004822,0.17442746434364978,0.5822557996547816,23.332983898229674,4.803546213112034,52.83705638888733,11.686182709222493
1863,891,255730,287.0145903479237,6,870,21,0.02356902356902357,0.15564207108189612,-0.014402996688061023,0.15564207108189612,0.7031188522173901,0.1412390743938351,0.16103103431986956,0.02201186917105786,0.16979994094304351,0.21073741594072867,0.13634142918047348,0.10558499041688654,0.19449331891569063,0.5415683912036418,20.881045692971142,4.826942846004265,54.58467077582367,10.833295770383636,0.1424342881893086,-0.006669716957825592,0.1424342881893086,0.7218011410366101,0.135764571231483,0.1516226487327379,0.01609892292054818,0.19834336615006612,0.2212497858570726,0.14019059241276505,0.11100532197493963,0.16148936080900733,0.5712158007398767,22.510381891760083,4.791282493360839,54.11206895214244,11.303986791771173
1864,1120,315739,281.90982142857143,8,1090,30,0.026785714285714284,0.16243041899766208,-0.020403897831939893,0.16243041899766208,0.6955430607644043,0.14202652116572217,0.15869249514445463,0.0228332740534045,0.16704990336737474,0.21198346503619436,0.12675931245737176,0.11278843383380653,0.19989311374686491,0.5377258635480238,20.776795152524244,4.822774259393437,54.62697308638261,10.801496705688978,0.1499121200374107,-0.009475994057268547,0.1499121200374107,0.7096517556654323,0.14043612598014216,0.14984643195513353,0.01890746141501765,0.1964359167706569,0.22772617531968387,0.11847784648448084,0.11566261036072822,0.17294355514380438,0.5740085240454743,21.62899322717367,4.812747397138163,54.19911251394368,11.072884432517423
1865,1062,291823,274.78625235404894,9,1030,32,0.030131826741996232,0.15257602551357433,0.02839903683373582,0.15257602551357433,0.6664489114064225,0.18097506234731012,0.12198066850351354,0.018270176758254916,0.1583106921533951,0.18822255948836444,0.21503300077746457,0.09604260718043045,0.20214029046068435,0.46851392014527304,29.825322878795575,4.824797977539092,45.468611128714706,14.326810870269663,0.13611785426061293,0.047197082595564786,0.13611785426061293,0.6805672071561538,0.18331493685617772,0.11405715053621919,0.01643586023035605,0.1745618649369255,0.19737196918866184,0.2273112423057626,0.0973448022614971,0.17291710409468794,0.4859909846618065,32.1756477824755,4.8033441962170205,43.93128989789824,15.12512256086393
1866,1220,319396,261.8,11,1198,22,0.018032786885245903,0.18135228202941628,0.002793142370322383,0.18135228202941628,0.6345022915450276,0.18414542439973866,0.14694600753575854,0.022704919133302907,0.141970933093947,0.20873005087935884,0.1973994439557962,0.08592800077568113,0.19632064401220767,0.4976469915090644,27.64337972657831,4.805571872806538,48.65534768850611,13.340269609800528,0.16839740170127782,0.014042356006103526,0.16839740170127782,0.6491628386899093,0.18243975770738136,0.13179834356629191,0.017835017916983484,0.16631011932546746,0.22048872965941982,0.20026599799426914,0.09290059226598431,0.17040119651193011,0.5185971925511792,30.262349106368113,4.765403896775758,47.448598395160516,14.159211939783034
1867,1661,427758,257.53040337146297,10,1632,29,0.017459361830222758,0.17556577080732894,0.005512104014776903,0.17556577080732894,0.6433563537980906,0.18107787482210586,0.1411502605610334,0.026764832838289305,0.14639563971313127,0.2080390287928641,0.20221113460814785,0.0959966389339979,0.1794424645565136,0.4955849290670288,24.91312670882691,4.81001677743779,51.33652158311614,12.288028715823227,0.15881726994820297,0.020312083346281786,0.15881726994820297,0.6620533771310187,0.17912935329448476,0.13368113959562195,0.024323025610436696,0.16538253266988512,0.20635825853670525,0.20535701473919685,0.1010025822899132,0.16389544474417478,0.5054219308022123,26.71465112864705,4.779394704676754,50.66278470392622,12.82955039319676
1868,1179,263838,223.78117048346056,11,1159,20,0.016963528413910092,0.18311973392026953,0.005975073553282891,0.18311973392026953,0.62778545803911,0.18909480747355242,0.13514271636052724,0.026883983103328554,0.1415798238103164,0.20315668884363813,0.19511264776007747,0.08569403240781837,0.21243010917468158,0.47987922901448177,22.57041539256548,4.814553103826074,53.19209764404569,11.447218299123048,0.16758476697761765,0.019553341644645346,0.16758476697761765,0.6452771243732233,0.187138108622263,0.12783427838578384,0.024441177263653087,0.15509143760345506,0.20660182122972529,0.20218020443558077,0.0911534072394835,0.19269767433845994,0.4895275372189642,23.739263177579772,4.774425011039219,53.626145852637094,11.677051691986724
1869,1392,314882,226.20833333333334,10,1376,16,0.011494252873563218,0.17960119901846186,0.012057106960922796,0.17960119901846186,0.6287404953036457,0.19165830597938466,0.13970710379977264,0.025716072780230845,0.13889147619780468,0.19423501230647516,0.19558356610050606,0.09140619805672115,0.2144605702401193,0.4728335923040525,23.412228975131633,4.807184976939438,52.62070914297389,11.736045490345745,0.16691225383258979,0.028522961022212204,0.16691225383258979,0.63765253206745,0.19543521485480198,0.1301993102801469,0.024299215485124606,0.15873976681825577,0.20405107269978667,0.20816050478579376,0.0896570342899367,0.18489309459204803,0.49299014979818934,24.029650333320543,4.768974439302239,53.42192750625593,11.777676317749151
1870,1555,351566,226.08745980707394,11,1529,26,0.016720257234726688,0.18251660440185996,-0.005729151707460019,0.18251660440185996,0.6406959433312202,0.17678745269439994,0.15968319040096524,0.027086774661026783,0.1420610539688522,0.1997665448952017,0.17524440838233643,0.08524870758096109,0.21090932016180816,0.5015107892650191,21.76345587634947,4.789558452314376,54.641612660900364,11.044568826886678,0.1681861748053289,0.007486749833088516,0.1681861748053289,0.6561409017223407,0.17567292463841744,0.1506922831962878,0.025267029440805378,0.15662561353912674,0.19705766674666017,0.17892029017742134,0.09206492209809153,0.1993721940225835,0.5043755634820747,22.329406596907933,4.762131961514,55.20163686273328,11.107054650909712
1871,1257,274318,218.23229912490055,9,1247,10,0.007955449482895784,0.1905280984703832,-0.037859739281823186,0.1905280984703832,0.6568035428829391,0.15266835918856003,0.13440928639024058,0.03170310021888401,0.19596318449802266,0.20095462366485153,0.14871038093400454,0.08119604348765527,0.20706337645245929,0.5313270945531148,21.945236943940188,4.819883007531015,53.365108949018904,11.26777493206109,0.17973961855593554,-0.01719741429040673,0.17973961855593554,0.6577181762524512,0.1625422042655288,0.12798629126581917,0.0283083408051761,0.2084983821249306,0.1925262081206418,0.1633029452708832,0.08801618392709148,0.1913616437847209,0.5290108815113916,22.614399934831763,4.781807796412636,54.062075692072504,11.336800830542602
1872,1364,299048,219.2434017595308,9,1350,14,0.010263929618768328,0.17985838270234764,-0.027055783998705937,0.17985838270234764,0.667339019234295,0.15280259870364168,0.11864882785574461,0.03249161217606724,0.17774460074769438,0.21038769296965495,0.1443009773946792,0.06456010814974988,0.25186618307700637,0.506781121573094,21.469718070704364,4.865776646815593,52.63672649628006,11.251237494514058,0.17271266933433,-0.010562911044884547,0.17271266933433,0.665137573188793,0.16214975828944544,0.11500985575937814,0.032771444957997845,0.19411826866002516,0.2070263431329914,0.15343865348973973,0.06656220552056147,0.23107323186761702,0.5161544675523947,22.3000236363693,4.835752536286577,52.97176037286472,11.410778065789245
1873,1597,359712,225.2423293675642,11,1576,21,0.013149655604257984,0.18909969057890125,-0.03957487772462065,0.18909969057890125,0.6613754970333542,0.1495248128542806,0.12994073837383638,0.03345936208223643,0.17499179070983725,0.22105947457505862,0.13557806996908273,0.07135709050401162,0.23361347243783917,0.5259920036587322,20.8350704803406,4.830122111804847,54.67192757024954,10.809703675607262,0.17535201630380276,-0.015953490785744352,0.17535201630380276,0.6652494596016911,0.15939852551805841,0.11574810045252952,0.02902268348673706,0.19499635662940817,0.21497582554972225,0.14282947054030354,0.07970674610248508,0.22272081811821026,0.52572028263166,21.7442047958703,4.790537675037488,55.21824110392916,10.959358240761732
1874,1508,323988,214.84615384615384,11,1495,13,0.008620689655172414,0.17903038776348115,0.006010435290779148,0.17903038776348115,0.6359287891055232,0.1850408230542603,0.1483405576152304,0.030745494015207136,0.13499917918514362,0.20387360598044024,0.16209293205985587,0.07723945597771385,0.242708776037092,0.4872133427808143,20.027955291355667,4.7713142476036445,57.36462202122527,10.233616979999578,0.16361451363013965,0.03213495643271573,0.16361451363013965,0.6406360165876223,0.19574947006285537,0.14458407145362298,0.028864699464209137,0.14808683434930742,0.19881412097527226,0.16993729127304555,0.08167601482029091,0.22803696766648096,0.49148502677820266,20.31142057081947,4.735474582549196,58.28680607078724,10.175411518931723
1875,2022,475779,235.30118694362017,13,2000,22,0.010880316518298714,0.1680495425133895,0.043628226794094276,0.1680495425133895,0.6202726895265966,0.21167776930748378,0.13421324335486476,0.027894449436509268,0.14790920496538817,0.2042857174566186,0.17962462448243363,0.08371767552819266,0.22235508484547795,0.4864081657768715,25.530348582902363,4.765258268684971,52.37959121074504,12.295876594327044,0.15687077784855732,0.06768258400110667,0.15687077784855732,0.6185758618163315,0.22455336184966398,0.13117285838704637,0.025794300693190976,0.16411416650759217,0.19446117555762946,0.18684197687930038,0.08588402825692097,0.21173149245677014,0.489748200452268,27.230202674767746,4.725598863766119,52.22900242562288,12.739171879352767
1876,2886,723514,250.6978516978517,12,2865,21,0.007276507276507277,0.17643209332476803,0.002554761207969414,0.17643209332476803,0.64458105298584,0.17898685453273744,0.13268960449671227,0.02668917257805997,0.1632363769637304,0.22148303948831294,0.16639883999786947,0.09360194847552698,0.19590101900486853,0.5174090209487556,23.83100032501795,4.801858710001052,53.05547770709353,11.779438497484621,0.16259327965816314,0.030808585079193287,0.16259327965816314,0.6440048570952134,0.19340186473735643,0.11962680810697139,0.025451297895285042,0.19370447741192684,0.20413231251799138,0.17541432939260587,0.09923083974228339,0.1824399356713989,0.5174635980368896,25.023001225995166,4.750205535282377,53.69220900512379,11.986753552083687
1877,2799,681691,243.54805287602716,11,2783,16,0.0057163272597356195,0.1831363178198181,-0.03398243449909513,0.1831363178198181,0.6677097975502337,0.14915388332072296,0.14486023532974918,0.023109906509561004,0.16032768735395625,0.2416422752503864,0.1425606938339447,0.09817786472518478,0.18932133631102133,0.5468301979340918,21.41875384744433,4.797033481505718,55.34461984901325,10.860879850985595,0.17250236530828214,-0.01833822258616465,0.17250236530828214,0.6733334897262927,0.1541641427221175,0.1395794980287977,0.020023102496717786,0.18467960076829368,0.2292632618285203,0.14962015766588857,0.10647132198978397,0.17036305692799236,0.5535223606256118,22.390920425647284,4.754214045826702,55.740811358488116,11.047132394275053
1878,2888,708044,245.16759002770084,13,2867,21,0.007271468144044321,0.1950697909465877,-0.052637331478561825,0.1950697909465877,0.662497749740459,0.14243245946802585,0.15077544906808446,0.023712581860288847,0.15813326644986614,0.25007017035656603,0.13013423051315615,0.10487496425441471,0.18229933905651777,0.5589788858745166,19.754179135443344,4.737238731790006,58.72475429875472,9.975892224164392,0.1814535880897742,-0.03318003993719554,0.1814535880897742,0.670272863253128,0.14827354815257865,0.14329542800116649,0.02089792368405461,0.18284373974880117,0.24106061029930187,0.1394054023822522,0.11257190091611839,0.15992499549608685,0.5671997780492696,19.99438092395989,4.698048208783557,59.730715846423365,9.895253627554016
1879,1982,449195,226.6372351160444,10,1955,27,0.013622603430877902,0.17376291768008179,-0.027544151726646367,0.17376291768008179,0.6800183152505521,0.14621876595343541,0.14049329931760704,0.02510062412832646,0.15961316240548545,0.2634363168526082,0.1462028094533262,0.09178935368746231,0.17336443446923258,0.5635427785757007,15.05175993477695,4.811435728287312,61.2467711929811,8.45590943820367,0.1654750256220769,-0.008659226086979971,0.1654750256220769,0.6777091748364601,0.15681579953509692,0.12978604932850893,0.022397373616816176,0.18015804735088595,0.249903060337751,0.1581308725616418,0.09968473506300703,0.15993986336544905,0.5598471570171458,14.93648083536757,4.770944929708879,62.77646223975728,8.213909731534098
1880,1036,188828,182.26640926640925,10,1025,11,0.010617760617760617,0.17914756550296285,0.0433149054117454,0.17914756550296285,0.5983899634558003,0.22246247091470825,0.12159601189406241,0.04053309533620207,0.13392657401442706,0.19043673771021358,0.16904970380508172,0.0741117327310784,0.27034614261153916,0.44595932361870305,19.251563195353633,4.6875334755677525,61.05608881498709,9.52585408581442,0.17913230979215292,0.03774517595277357,0.17913230979215292,0.6039902042364499,0.2168774857449265,0.11852914557636528,0.03865467848266201,0.15952181723042444,0.20048943558789198,0.17606055928518338,0.07911693608248957,0.2276274256664754,0.4785403983946817,19.9142098060559,4.673902313156442,60.523812354982425,9.764715859398162
1881,1382,260272,188.32995658465993,10,1364,18,0.013024602026049204,0.18332500497744164,0.03820859169758999,0.18332500497744164,0.5951413967081934,0.22153359667503164,0.11403398363505303,0.03911232487527672,0.13075672699017515,0.23352107660386337,0.1634227124332331,0.08471623157824433,0.23443694489325906,0.47831178722909157,18.645267781057058,4.725149283775325,60.570709340204175,9.442934074941693,0.18308032780594555,0.038090421824882766,0.18308032780594555,0.5957489207586867,0.2211707496308283,0.10795698213343677,0.03314417620458363,0.14540704627824647,0.24427042698588622,0.17352485633358916,0.08764159551138474,0.20805491798681178,0.49763445539756945,18.809959158842517,4.687325484191433,61.531744646236646,9.349802893803798
1882,1573,303414,192.88874761602034,12,1557,16,0.010171646535282899,0.20274310237704377,0.005769668959728895,0.20274310237704377,0.5887441258683318,0.20851277133677265,0.1175611871108546,0.03585768575114461,0.1443436985992849,0.23421731798263362,0.14908230882169096,0.09301767958435736,0.22592012153750282,0.4961222036927731,20.273927203514294,4.6922870167665796,59.835694217251465,9.950058348376986,0.19652511855430316,0.004105451241137267,0.19652511855430316,0.6028443101160392,0.20063056979544044,0.1139803142648552,0.030694404166851277,0.15372341718018362,0.23734863530560402,0.15009936995762876,0.10065682386886785,0.21349703457592903,0.5050523667506428,20.58908864156321,4.675721093000533,60.113720702939794,9.989574133392965
1883,2035,400036,196.57788697788698,13,2025,10,0.004914004914004914,0.21040206734464031,-0.02172709386761435,0.21040206734464031,0.6009229592649444,0.18867497347702594,0.12095712406831938,0.02856751516196363,0.17028743322864026,0.252351796589746,0.13736750293487032,0.09972271379272177,0.19074591354976686,0.5435963538867057,19.77271977954033,4.672861466411911,60.71823755356999,9.70244738149496,0.19994148077211454,-0.012852127516071685,0.19994148077211454,0.6129691657954806,0.18708935325604287,0.1164781705251895,0.026818219590021116,0.17177428154976693,0.2599187428805946,0.14272208612729997,0.10277993268119646,0.17950856623269118,0.548171194955551,20.712781830875777,4.648871277711733,60.719723532104055,9.93577775485448
1884,2098,396450,188.96568160152526,15,2082,16,0.0076263107721639654,0.2186829733325047,-0.03551227469610945,0.2186829733325047,0.5981463277206407,0.18317069863639523,0.1335358594706148,0.0334658123800917,0.1550073632472996,0.2449746018539079,0.1422768518012603,0.10004568400940822,0.19069382834426474,0.5335178245718223,19.485002261987855,4.688944843114819,60.528018573457615,9.65750204933096,0.21328753151587335,-0.0296762469686831,0.21328753151587335,0.6031011835927056,0.18361128454719025,0.12604076808810716,0.03150473112978105,0.17616243975971718,0.2466940022122299,0.1362244218662715,0.0998437683093195,0.18352986937454333,0.5488972100600542,19.87153622789869,4.664314907803874,61.007526952550116,9.686646085835175
1885,2436,494331,202.92733990147784,13,2422,14,0.005747126436781609,0.22924143790912757,-0.06657281119264785,0.22924143790912757,0.608089934504623,0.16266862671647972,0.15252408708326923,0.030179417439067276,0.16736002793930665,0.2311765078696738,0.14509647707177203,0.10253863657779486,0.17112484514045764,0.5510606228922497,19.57443655215545,4.6742979522328225,60.65010732091379,9.662691094915706,0.21697424672571766,-0.051772812424698174,0.21697424672571766,0.6178243194116616,0.1652014343010195,0.1458715799710579,0.028042072337220517,0.1785443377821066,0.2256178438965876,0.14521533846241044,0.10880480885898287,0.16790401813788108,0.550033761649752,20.003783921697753,4.64935343772915,61.081072601062715,9.70924196205416
1886,2240,454006,202.68125,11,2222,18,0.008035714285714285,0.21700210422027988,-0.042890578213804736,0.21700210422027988,0.6088863693410531,0.17411152600647517,0.14887715436218837,0.027106983679485504,0.15644088181857763,0.21991239579396538,0.14403076996105874,0.10189953925367133,0.2017322758590256,0.5252304319747314,20.555431502454457,4.700652514541943,58.98516662228112,10.138623377590644,0.20917960475875644,-0.03000360945394634,0.20917960475875644,0.6116444000838441,0.1791759953048101,0.1475958310027899,0.023524865697078075,0.1728873030188663,0.21253797462199983,0.16140272249056845,0.1028037120400435,0.17924759235153093,0.533021108643656,21.19790465380259,4.681353106353669,59.10650088900673,10.2813079387552
1887,3111,639671,205.61587913854066,12,3069,42,0.013500482160077145,0.22034662280307155,-0.05109946079577919,0.22034662280307155,0.610406213491791,0.16924716200729234,0.14606810959095462,0.02974650319158435,0.17513747459229015,0.22195103951861256,0.14228311532114316,0.10355479089300813,0.18125896692179155,0.5431566237018572,21.966284620175625,4.670278199529963,58.44845078351672,10.563979723602058,0.21353610472513315,-0.043591183469374274,0.21353610472513315,0.6165189730079788,0.16994492125575889,0.14002206499247077,0.029234121771586078,0.19894996681988966,0.2184307867737149,0.13813705731363285,0.10321331231122907,0.17201269028133084,0.5574028185860753,22.71455697578816,4.64718308590628,58.56669785619198,10.733378360012702
1888,3041,636457,209.29200920749753,13,3021,20,0.006576783952647156,0.21080986609579386,-0.037435779069744504,0.21080986609579386,0.6158160472785474,0.17337408702604937,0.1370635512915055,0.029092385858132046,0.16292386264028808,0.2223601296650269,0.15712389140387945,0.10492188578057866,0.18651429244876183,0.5223475435968205,21.058347893404125,4.708643488312797,58.06362153862137,10.39209885957379,0.20644111930444256,-0.03763446206986217,0.20644111930444256,0.6247522234768484,0.16880665723458038,0.13527383790370798,0.028041648683031595,0.17533173836936528,0.21988896590655602,0.15293552908558444,0.10568203659855066,0.18284624328635868,0.5304945421796293,21.416210693302613,4.686039198827594,58.64565754393217,10.399819635020592
1889,3281,662503,201.92106065224016,12,3248,33,0.010057909174032308,0.222205226840616,-0.06396172095565038,0.222205226840616,0.6195512679103207,0.1582435058849656,0.15312624602961497,0.03591855217833827,0.16766984514343802,0.22434151127572685,0.13372076829007698,0.09485509599997491,0.19036798033964003,0.5451376024487798,17.965699182572617,4.6934904978104255,61.452590221246886,9.15110561595054,0.20483463747207212,-0.03791130648337323,0.20483463747207212,0.6282420315207309,0.1669233309886989,0.13777623997370034,0.03312258198678505,0.1784376970347169,0.2197732961491557,0.1453182785927412,0.09854335434778602,0.18702855115638267,0.535987233157573,17.845484169018988,4.669391519760463,62.498997286213715,8.975288094597525
1890,4768,954168,200.11912751677852,14,4713,55,0.01153523489932886,0.22597754744509796,-0.045714896643732954,0.22597754744509796,0.5937598024974671,0.180262650801365,0.14503588671107007,0.036900651852717764,0.16558212141726533,0.22845760542652183,0.14530635860094682,0.09386924276507201,0.18484813297348734,0.5390756135548572,16.719820647699528,4.668763695498433,63.74588167007993,8.521726558460498,0.21278194968817196,-0.024020053560517805,0.21278194968817196,0.5984561551625609,0.18876189612765415,0.13516741683504252,0.03336292415474505,0.18720581084197027,0.22819114685552644,0.14826553447523116,0.09595466613666429,0.17185250050891832,0.5505643745325391,16.829249030243034,4.642475591871642,64.62240183667679,8.426654671345531
1891,6572,1311351,199.53606208155813,11,6516,56,0.00852099817407182,0.2192993573943276,-0.032929950042683585,0.2192993573943276,0.5943312343471864,0.186369407351644,0.1400198594966151,0.03393232580207208,0.17099705074579594,0.22600305570498055,0.14954361689728307,0.0908368013475727,0.18866729008723507,0.5370199659473915,17.424822178875132,4.676098209674327,62.826360712895145,8.825123301669695,0.21138957705665007,-0.020351349436296302,0.21138957705665007,0.5975721941053465,0.19103822762035377,0.13291484801076103,0.031757341172849354,0.1891566278228604,0.22586083507364177,0.15231362536603488,0.09081194632776467,0.17718477611459632,0.5479323109072632,17.562393512616154,4.6514169197635775,63.57938205485937,8.754268513088814
1892,5940,1181926,198.97744107744109,13,5888,52,0.008754208754208754,0.2168175272150075,-0.026538313048937192,0.2168175272150075,0.5929032589600544,0.1902792141660703,0.13898235983829688,0.030373935457912858,0.16231007008262946,0.23003920642943246,0.15335839141338792,0.09755208641115258,0.18738395026587565,0.5313316363503587,15.306082211115744,4.6753482741152,64.96892191087385,7.999924956060384,0.208221952486391,-0.017438066505541125,0.208221952486391,0.6009941618964163,0.1907838859808499,0.13431065352722427,0.028793596215315635,0.18071222184357674,0.2249916421497314,0.15586971644329256,0.10071007347378202,0.17461209613919715,0.5400145175205324,15.483941290105337,4.64701333703545,65.7813256422136,7.930796117210683
1893,5208,1058940,203.3294930875576,17,5136,72,0.013824884792626729,0.22282198132356426,-0.04209244026239717,0.22282198132356426,0.5964484785768573,0.1807295410611671,0.14496706703690693,0.028093966166178118,0.14924898757845234,0.24337105130889514,0.1548003562139399,0.10177887670469836,0.17773969478148277,0.5375871059242544,14.220646078185485,4.64636600576986,66.95176803726895,7.453705151128264,0.2203980463131006,-0.03960341098483259,0.2203980463131006,0.5988073197781029,0.180794635328268,0.1420843301871227,0.025752337605709094,0.16591742357427297,0.24646293182117127,0.15326498063555097,0.1047962182826926,0.161721778405085,0.5544646855825669,14.406398854330934,4.622404585974291,67.61803806353431,7.406920042219487
1894,6706,1298368,193.6128839844915,19,6630,76,0.011333134506412169,0.2183775060234044,-0.03919100979375485,0.2183775060234044,0.6024359973773022,0.17918649622964955,0.15651878020719373,0.02957317990486129,0.15439896184520482,0.23779154038562944,0.14710220527630205,0.0915546215471094,0.18306071007419386,0.548709282438028,13.933280351883589,4.644562929135325,67.38869219119887,7.321373348692565,0.21136078205771697,-0.02379856136348515,0.21136078205771697,0.6010769974659179,0.1875622206942318,0.15468032227116457,0.02678647719909368,0.16797724813146145,0.23553190968748544,0.15324680332643464,0.09426953480363638,0.16750770346148605,0.5581894800901115,13.85567930780572,4.6252498013825365,68.08311780921713,7.2052366650519035
1895,5828,1160256,199.08304735758406,19,5777,51,0.008750857927247769,0.2023076366860055,0.003941686058854978,0.2023076366860055,0.5914430409569521,0.20624932274486046,0.1380522078180387,0.03479229424950262,0.15000709978714663,0.20777809987107212,0.1760160550408104,0.08835320295712662,0.20500103972138756,0.49583740747625743,15.697272284228575,4.687583187063242,64.17291224054343,8.2081348363974,0.19490494856076104,0.01695640402058601,0.19490494856076104,0.593233699689379,0.21186135258134706,0.1354480007939335,0.033005317644962444,0.15908648466056277,0.20493893627347912,0.17969652870233535,0.09082715417011805,0.19699757680976096,0.4994734217279753,15.832934158744527,4.659967976984935,65.02799992543405,8.122569481019058
1896,5537,1115651,201.4901571247968,14,5487,50,0.009030160736861116,0.1915221441962393,0.008831587801293832,0.1915221441962393,0.6081241236154259,0.20035373199753315,0.1287224572553056,0.026045994603739728,0.15039486733192012,0.21798064936705455,0.17922044238420004,0.0937808363507453,0.20385475278862736,0.4970979739542803,15.616132554874481,4.671652131682521,64.51297156492676,8.140546021745408,0.1889046069786203,0.016757952728084325,0.1889046069786203,0.6054328326028722,0.20566255970670463,0.12735519330811823,0.025312732779074122,0.16496819738027416,0.21708254541584332,0.18146660165503345,0.0947040037592241,0.18911072641824783,0.5094059361042357,15.534693571143162,4.656084575766834,65.1684947272789,8.028881997669329
1897,5989,1188420,198.43379529136752,14,5937,52,0.008682584738687594,0.1979895233762749,-0.008137093066340657,0.1979895233762749,0.6121580457592581,0.18985243030993423,0.13130554694803342,0.02064478389512711,0.14291811673260127,0.23207400570053494,0.17600620193878122,0.1030909332313233,0.19396041217867507,0.5062976693811696,15.951303525045343,4.671251355212892,64.2239915606986,8.264118744321927,0.19406624481606588,-0.005053948821326914,0.19406624481606588,0.6169214581742619,0.18901229599473898,0.13010822917706882,0.01979792724243057,0.16095381849490786,0.2305695822113167,0.17542007151441383,0.10545688302016608,0.17769348972594953,0.5216316298832934,16.350102781417714,4.660199183906374,64.28027409006894,8.355341322626986
1898,5934,1196775,201.6809908998989,15,5867,67,0.011290866194809571,0.17031427017836992,0.017716192563734873,0.17031427017836992,0.641655267417785,0.1880304627421048,0.109588080190782,0.022016358537918675,0.14476642211533858,0.2197059913789943,0.18511896444697687,0.0971243114278329,0.22167987206137682,0.4740604936851149,17.0138912115559,4.7023141972487785,61.99717524399781,8.838691296856934,0.16533217876049838,0.018165936424778227,0.16533217876049838,0.6511697061566384,0.18349811518527662,0.11046885460051697,0.021872799644500125,0.1616993131871697,0.22188001574089616,0.18084594309321309,0.0976494753652886,0.20558359823991784,0.49404818352858276,17.69274301600781,4.692874197521287,61.73731142738978,9.043582802886961
1899,6310,1267187,200.82202852614898,12,6276,34,0.005388272583201268,0.18923279757138411,-0.008060831296118936,0.18923279757138411,0.6295952364306442,0.1811719662752652,0.12234371524119105,0.021700302062638892,0.14043700105838175,0.23839031479374184,0.17091901539870566,0.10633486225577839,0.19987479019681326,0.5011710310933146,16.151222034537707,4.690853961584858,63.35638259260024,8.434798095829747,0.18317212627031873,-0.0009852932534744705,0.18317212627031873,0.6346410408928306,0.18218683301684424,0.12024714660499862,0.019900232201112346,0.15645512508092277,0.24277776845130547,0.16934672250994778,0.10757942669616541,0.18369357968499975,0.5194800401372268,16.3839806953919,4.675756540907236,63.63500520294474,8.45375958487357
1900,5480,1078077,196.7293795620438,19,5447,33,0.006021897810218978,0.18636981883378578,0.0008839045823755653,0.18636981883378578,0.6263764582941458,0.18725372341616134,0.123094831221666,0.020547748020725103,0.13829134957396777,0.24596676820949448,0.17108619062490862,0.09875840199224346,0.20225471004306883,0.5073529490051283,16.427062423705603,4.726804830032624,62.39891382682279,8.636872196247188,0.18142629167770383,0.0030009844256573123,0.18142629167770383,0.634146433181701,0.18442727610336115,0.1229508995853582,0.019899246307399095,0.14982571665723587,0.24603092967237938,0.16782907598977798,0.10051215242243358,0.19295197902481614,0.5188075459149735,16.469081058831808,4.716737003522316,62.72665240035421,8.601597852119252
1901,5880,1170243,199.02091836734695,21,5832,48,0.00816326530612245,0.18788227259763912,0.011029431696677878,0.18788227259763912,0.6132060232230139,0.198911704294317,0.11770729509064078,0.02119740663432339,0.13958892968975906,0.23376473355985866,0.18367691332835476,0.10215709090454989,0.2019076322697358,0.4910609583402585,16.56978525396489,4.709467588053182,62.97208231982316,8.592383041473608,0.1784319900015995,0.027216822900959625,0.1784319900015995,0.6159191975815911,0.20564881290255912,0.11443020976775575,0.019489178224502208,0.14788949519252448,0.23044579894600228,0.18667374436530065,0.10783191525062209,0.1932396601112056,0.4927655039062825,17.042938697233357,4.694821505270847,62.993549487666684,8.706933317320177
1902,8149,1565885,192.15670634433673,22,8100,49,0.00601300773100994,0.16804258159671154,0.055641647211015076,0.16804258159671154,0.6082731901711098,0.22368422880772662,0.10646879579696177,0.022456019886436123,0.1298884734779567,0.21568056723685475,0.19571820652386623,0.10687296686784084,0.22291496950726838,0.4520378365117732,18.32397514456389,4.720213312986782,61.05436703312744,9.295655491990495,0.16139125204767252,0.06593495957884059,0.16139125204767252,0.6112825368586595,0.22732621162651312,0.10375390588499957,0.020574556298317014,0.14019151839162378,0.2134346382471631,0.19877598988126324,0.10769193242607822,0.21557745791366825,0.4573800625237865,18.720013348987735,4.708341115013012,61.036214030901064,9.396574408877578
1903,9312,1795531,192.81905068728523,22,9266,46,0.004939862542955326,0.1936175535506179,0.009868654731165116,0.1936175535506179,0.6028962378390933,0.20348620828178302,0.1260106465752679,0.0246028027945816,0.13760593360791165,0.22307659991570744,0.18100810182748575,0.10388841181954979,0.20380750295312142,0.48669318009888696,16.452603324849626,4.687952341848817,63.68095969373915,8.464397632296016,0.18575082866018178,0.020277108254309614,0.18575082866018178,0.6082212341843825,0.2060279369144914,0.12196537335054292,0.02334493450331039,0.14863551632082853,0.22198117352169247,0.1812767708755708,0.10591538836632033,0.1968808426640681,0.4925820631930639,16.9377806521244,4.6732538091393225,63.75205365928719,8.575013035296806
1904,9174,1775755,193.56387617178984,20,9115,59,0.006431218661434489,0.18718780954956454,0.013667401301344917,0.18718780954956454,0.611956979684915,0.20085521085090946,0.12568616632632712,0.024841404763312903,0.1470871018305918,0.2172357189739939,0.1760538628114522,0.10314275906350182,0.20595298645305662,0.4900089871309128,17.04840935516743,4.683523269038917,63.09248969286862,8.694492210894852,0.1811849528556706,0.021638344759248602,0.1811849528556706,0.6159917496450913,0.2028232976149192,0.12502317549502,0.023475548845906382,0.16313490244779633,0.21490118746348505,0.17541292192723582,0.10530527988106578,0.19274698410377472,0.5030592654063014,18.075482964196443,4.675778361604181,62.349268134011716,9.053310419351995
1905,12147,2347559,193.26245163414836,22,12069,78,0.006421338602123981,0.17974177344572878,0.03863689764163018,0.17974177344572878,0.6018795551040763,0.21837867108735898,0.12037805064607288,0.02815606799455087,0.14260793747318296,0.20296596294336763,0.19096567011900062,0.09949302713681246,0.21543328392213498,0.46595195106262344,18.272850111962747,4.673511907703966,62.31942288751235,9.106504736766851,0.17516634819495522,0.04269768563454293,0.17516634819495522,0.6069696173938114,0.21786403382949815,0.1209151706476087,0.027416641002548668,0.1510345559260965,0.2018069692851474,0.19098080163814857,0.10087786901194071,0.2069679928232625,0.47375669585885255,19.617784867846364,4.663120787712098,61.36164588423413,9.574214694250172
1906,12090,2364195,195.54962779156327,21,11961,129,0.010669975186104219,0.1792093156351526,0.02966327338254717,0.1792093156351526,0.6119180953940507,0.20887258901769978,0.11536081472694942,0.025877610460855884,0.14304249884728829,0.20552966700441888,0.18166979155183047,0.10732161796476918,0.22119799880331595,0.46393298057865656,18.41045116360373,4.679317596979164,61.94275922270832,9.193225688859359,0.17077163879863722,0.0444084570332965,0.17077163879863722,0.6140482652556944,0.2151800958319337,0.1135710038033373,0.024734847588386597,0.15130591008960045,0.2021248838536165,0.1854746437672979,0.10886664890459608,0.21392206136933767,0.4670017977465543,19.00239966735942,4.666511390904727,61.87356537401322,9.349933361649379
1907,11310,2210615,195.45667550839966,20,11119,191,0.016887709991158267,0.18501612916058688,0.016866369499747947,0.18501612916058688,0.6131013725389365,0.2018824986603348,0.11498388264812122,0.024737625124803396,0.13912848631301492,0.21858875456406196,0.18595285076059692,0.10522791887845541,0.21138048162894854,0.47270112352519805,17.67966375206612,4.697626671943247,62.03576488642002,8.998705288621958,0.17558065367438985,0.031580430616759726,0.17558065367438985,0.6172582625008429,0.20716108429114957,0.11184341926374841,0.02277663125869697,0.14925157973186678,0.213898109424542,0.18838831819540436,0.10746276929799606,0.20637917322986232,0.4749931084201572,18.396853685318938,4.683340153515924,61.91504720378441,9.193712965717403
1908,12641,2510348,198.58776995490862,24,12287,354,0.028004113598607706,0.17848587634310117,0.025014457502708115,0.17848587634310117,0.6180137897386396,0.2035003338458093,0.11962360278820139,0.02388649989631029,0.1314210624961586,0.21773795047530586,0.18557340520562304,0.1075904802036597,0.21416699983852203,0.46878261575966584,18.191741945545566,4.6832437723886695,61.9816160303801,9.133472474125842,0.1711646954278638,0.03635193385147487,0.1711646954278638,0.6213186748914667,0.2075166292793387,0.11940679289305428,0.022874904412686123,0.14202417319377528,0.21258334976989762,0.18627339274401428,0.11057918456230303,0.20625820297597303,0.47401431585672715,19.4144341619362,4.674895601265352,61.13633833427475,9.5551225819973
1909,14579,2904971,199.257219288017,24,14252,327,0.02242952191508334,0.17715196173041103,0.03388818994642649,0.17715196173041103,0.6118078870140872,0.21104015167683754,0.1161906950048471,0.020843238303975845,0.12659478176132108,0.21810265806203769,0.18370885810062615,0.1098258656621488,0.2247339031517694,0.46088813482820584,17.968814521240564,4.672461206305637,62.72403828253502,8.974538097624114,0.16836087163921545,0.04645332129039065,0.16836087163921545,0.6168249358598219,0.2148141929296061,0.11258186506349319,0.019126228825931922,0.13344739793544336,0.2158143739992025,0.18788871187288791,0.1147053017452849,0.21643612018876798,0.461843636998139,18.569947919549662,4.664219841367928,62.44971120042467,9.16213951844166
1910,14555,2886575,198.3218825145998,19,14191,364,0.025008588114050153,0.1707891244455348,0.04573534341645467,0.1707891244455348,0.6126864077018498,0.21652446786198945,0.11503038504856393,0.021609782416721658,0.12400715872551699,0.21233584880049022,0.18363520837293673,0.10869397171657241,0.234687644726046,0.45137339257457115,18.69318119148478,4.674044059836814,61.98966924457598,9.256920709402358,0.15911660117003126,0.05663416017343469,0.15911660117003126,0.6251326377765607,0.21575076134346594,0.11229540976817141,0.019465585932727306,0.1310744498799277,0.21035282902291697,0.18127675855079786,0.11253383318279488,0.23300113367702283,0.4537226886710161,19.368862899433132,4.66886102902096,61.58239025656223,9.481586129195652
1911,9942,1912656,192.3814121907061,16,9913,29,0.0029169181251257293,0.1745370451069001,0.042232501470070544,0.1745370451069001,0.6086934079715671,0.21676954657697065,0.11521745837753442,0.02809321970366903,0.11574980886266771,0.22350515236320143,0.18625121670999176,0.10909208083581552,0.22209106261129877,0.45447241960340357,15.950792614055851,4.661197316424007,65.13829075294734,8.13646545490347,0.16688193907580973,0.05145850990209566,0.16688193907580973,0.6147776116959667,0.2183404489779054,0.11662030617755871,0.02479560315292393,0.12686500535352704,0.22312365976684823,0.18691517699803817,0.1120323201701582,0.20964792789275827,0.466608971297934,16.39550449697408,4.645933858246778,65.24093920272107,8.232626896226904
1912,13171,2521392,191.4351226178726,21,13129,42,0.003188823931364361,0.17601878332132115,0.05022988549587302,0.17601878332132115,0.5977325481589266,0.22624866881719416,0.10910499882104215,0.026243541162677964,0.11937493831427494,0.21894764395795335,0.18695008919796738,0.10711028603911847,0.2322685018572262,0.44742758109327047,17.94484001105256,4.6865413528603375,62.40071420480067,9.013679372288937,0.1690517948984561,0.054194208005085086,0.1690517948984561,0.607702202440943,0.22324600290354119,0.1077869874862138,0.02436216993607112,0.1296251296142042,0.21822107592618234,0.18723778264726162,0.11006136021006223,0.22270549343878682,0.45563319302660044,19.328145143901843,4.68272903230681,61.22378749657952,9.521488581911905
1913,16608,3204979,192.97802263969172,23,16541,67,0.004034200385356455,0.1718699210754203,0.05194628213969163,0.1718699210754203,0.6043138758122144,0.22381620321511192,0.11416858457232593,0.02596821149923008,0.11251385694115335,0.21756964295420195,0.191632232275318,0.10512766378249962,0.233019808691945,0.4442520844676812,17.823632881187088,4.694847165731968,62.34019491061075,8.992009365469297,0.1688828500858349,0.05355694487311068,0.1688828500858349,0.6086773553340705,0.22243979495894559,0.11572005965506005,0.023958444375844344,0.1250114432934192,0.21510969198654636,0.18969676830820362,0.1079151505819008,0.22258844218908572,0.4558411949350257,19.202592654849926,4.686175074999838,61.259106179754696,9.485371594632102
1914,16003,3158967,197.39842529525714,21,15905,98,0.006123851777791664,0.16808379426172868,0.038088283345925525,0.16808379426172868,0.6257441285668236,0.2061720776076542,0.11608743564272757,0.02487188731557827,0.12400204047093205,0.21869669204422507,0.17919441060742713,0.10518913850813463,0.23195839508240193,0.45878616815788464,18.44679540165872,4.717924601652304,61.043294729769315,9.327711833869785,0.16385031185602475,0.03693894453032266,0.16385031185602475,0.6353604323204944,0.20078925638634743,0.11954138635198855,0.02288996046229629,0.13809936128979844,0.21999163957186313,0.17458125775649885,0.10495371321136215,0.21994268137175,0.47763238721365014,19.71080535828043,4.712893432095491,59.97073968504563,9.791327044106877
1915,13024,2492499,191.3773802211302,20,12909,115,0.00882985257985258,0.1621547661905679,0.043763007668374494,0.1621547661905679,0.6319274598682821,0.2059177738589424,0.11291290549264443,0.021449443343717175,0.11795798192150683,0.2164177716403949,0.18466959056637833,0.10739159189288955,0.23920071443656232,0.4472886590545462,15.759073265323783,4.712968476160988,63.933676793912404,8.256856461573806,0.1584655417750136,0.04537706447053072,0.1584655417750136,0.6376918518857103,0.20384260624554432,0.11478515383832899,0.020719632341872025,0.1284589337960609,0.21624675753938968,0.18290901734152476,0.10936116808748383,0.22751933661983198,0.4594908451737796,16.088696539950114,4.696761491557873,64.13805931432536,8.310236823535373
1916,13334,2528472,189.6259187040648,21,13247,87,0.006524673766311684,0.15884491874764897,0.04385825367037994,0.15884491874764897,0.6384519092715999,0.20270317241802893,0.11900801114341945,0.02153299996693947,0.11943603321794642,0.20592811937773303,0.17901621117871075,0.10625119723641499,0.24882742828451063,0.44437216373909894,16.538031558684576,4.7388795527467655,62.28561919309837,8.680242349767298,0.15660907455485665,0.04270343656711364,0.15660907455485665,0.6440784144218173,0.19931251112197026,0.12225767698197697,0.02064971022921346,0.12933882952468428,0.20735098407510733,0.1741055998935767,0.10795492061893411,0.23834227900900265,0.45894749058176854,16.835537309469537,4.7235395872932004,62.51787396941084,8.72175620323964
1917,11748,2239274,190.60895471569629,20,11691,57,0.004851889683350358,0.17259985885003484,0.02426412485432773,0.17259985885003484,0.6305361570867148,0.19686398370436256,0.12710079914732234,0.025434869179856053,0.1208297915243885,0.20095789330912936,0.17491523596937908,0.09608057188463716,0.2546808378404885,0.4488884839808402,17.975810951283098,4.758356142201212,60.033531808950514,9.351547794533111,0.17049636107693222,0.02161955932420793,0.17049636107693222,0.6373877182242923,0.19211592040114014,0.131657928654398,0.024177098721314797,0.13190754508736277,0.2022360567048258,0.168277695829463,0.09912126666179621,0.24262240778943972,0.4658015304465866,18.70384472352407,4.74298079427256,59.83459752880705,9.560159027356768
1918,11167,2143840,191.97994089728664,19,11097,70,0.00626846959792245,0.16976208943901624,0.020741929233336814,0.16976208943901624,0.6397338919466663,0.19050401867235306,0.14179310596227163,0.03063522963675069,0.13213234458126646,0.19006830532157737,0.1676732832631737,0.09112595313190688,0.2465717784667052,0.46399375586511543,19.098481241014333,4.774331333146211,58.53835041585874,9.83899817181165,0.167316552684237,0.0177663336048351,0.167316552684237,0.6476005610109834,0.18508288628907213,0.1492351787473112,0.029636423634571078,0.1449195954179739,0.18888254810623328,0.16110964701624386,0.09235928819892993,0.23385731943291213,0.48303732227151835,19.880091391046676,4.763068753088731,58.13601711045147,10.089289348254148
1919,12761,2417244,189.42433978528328,18,12701,60,0.00470182587571507,0.1484834478856005,0.07241991656445337,0.1484834478856005,0.6306131880016044,0.22090336445005387,0.10517121440006261,0.024786357402564286,0.10371164969525001,0.19181110349451458,0.18878406053844135,0.10209707078782901,0.28363854347247297,0.40069396758982717,18.331422592576743,4.741718706560842,60.49414698156007,9.37564508564748,0.14417489989019028,0.0765508141827959,0.14417489989019028,0.6350993861568444,0.2207257140729862,0.10650969801995412,0.023714370783127516,0.11126591287552402,0.19429690931978735,0.18829074683039151,0.10499276533017178,0.27092959609405437,0.41207252021526547,18.969376767407308,4.726620891164226,60.3778045346139,9.550358132531391
1920,10889,2031511,186.56543300578565,18,10849,40,0.0036734319037560843,0.15432158699099224,0.06419655242856137,0.15432158699099224,0.6271602735221002,0.2185181394195536,0.1103007609743791,0.02470059115974903,0.10345297348292638,0.1993683656582966,0.18303791767491448,0.10626850401128361,0.2728708864572041,0.4131221001156021,17.65503658979807,4.73763432056371,61.308881288525264,9.093972870014047,0.15023726517002114,0.06564021210893066,0.15023726517002114,0.6338852574857156,0.2158774772789518,0.11295222225219452,0.023331918729680608,0.11343589136698637,0.2003381759464137,0.18137157525604758,0.11003616026632958,0.25853405541171115,0.4267262895655946,18.289422467074626,4.723071580825606,61.11741513191001,9.278277700165127
1921,12955,2484732,191.79714395986105,17,12902,53,0.004091084523350058,0.14718913117698448,0.07610516667966122,0.14718913117698448,0.6295165706993828,0.2232942978566457,0.10954949622104392,0.023710846523259613,0.1016134238946944,0.20132980994410316,0.19176729363576,0.10953731951591336,0.26249181061776156,0.41249273005984144,15.604128702668968,4.724332980922459,63.87077241713478,8.227137806404299,0.14224295520957408,0.07901931757433754,0.14224295520957408,0.6364947717896069,0.22126227278391164,0.11263088888990516,0.023032419802418328,0.1121514760342187,0.20271735422810935,0.18860506819048267,0.11196961571181487,0.24889317748025447,0.42749971915223317,15.76504332017681,4.7035513253404515,64.39376390453405,8.194166683057382
1922,14041,2690424,191.61199344776014,16,13968,73,0.005199059896018802,0.14757348999263364,0.06974911433328702,0.14757348999263364,0.635103906362004,0.21732260432592068,0.10274400261505981,0.022457245505245325,0.10648309077196573,0.21249634696036754,0.18323749487914556,0.11155594422397933,0.2610258747300932,0.42172344034739306,14.77951924719548,4.719384369955638,64.94233492669926,7.872820376870645,0.14438290621702285,0.07249537199681973,0.14438290621702285,0.6387388162867165,0.2168782782138426,0.10577952569565871,0.02065314765083763,0.11759187462140103,0.2147205298462169,0.1807012679958354,0.11463563894919082,0.24591801528543492,0.4380919301632767,14.883651013823668,4.698079896483432,65.51949859381968,7.818186878847047
1923,6992,1278946,182.91561784897024,6,6939,53,0.007580091533180778,0.18275874392534402,0.035213146152803826,0.18275874392534402,0.5992693665610025,0.21797189007814785,0.10953856462819239,0.028453343331071267,0.1146524148642637,0.21399391230363224,0.17473014108470938,0.1128544414575577,0.2457771823143169,0.4381848917960883,16.1954695961255,4.741592544139451,62.72023325296886,8.534520474193114,0.17765002884230394,0.039774516647952604,0.17765002884230394,0.6049254260755746,0.21742454549025655,0.11124547323300707,0.02690930418614102,0.12139530022801764,0.21469946766459072,0.174383633196387,0.11547701588696707,0.2358898058619966,0.4473402411256154,16.73432833695579,4.730457321383674,62.55068194504226,8.692037017804983
1924,6018,1094937,181.94366899302094,7,6001,17,0.002824858757062147,0.15353537014348667,0.0845107947944423,0.15353537014348667,0.608418464082785,0.23804616493792896,0.10029444259423838,0.02427643464752114,0.09777966915907611,0.19921392850805633,0.1946473830160198,0.12185714379074927,0.26193099883126175,0.3972880402613708,16.10588862595737,4.711714640150527,63.594355183936166,8.390343617982264,0.14981971130235072,0.09022317161167448,0.14981971130235072,0.6101374054792817,0.2400428829140252,0.10037650010274815,0.02311846220201263,0.1067943382600323,0.19866944844283854,0.1991215863509078,0.1201404982343852,0.2517791667929257,0.405840286805619,16.514195063444085,4.700099435846882,63.55439619658707,8.497351802939448
1925,5672,1009718,178.01798307475318,5,5646,26,0.004583921015514809,0.14813190037170354,0.08529847397454042,0.14813190037170354,0.6184377249314519,0.23343037434624395,0.09823727548540369,0.024742269736358825,0.09799848443747594,0.17840046243377922,0.20456608667121956,0.11890133828330417,0.2771540830659312,0.37463622235665883,16.01113576257132,4.719003552539434,63.552156450065254,8.372690238902978,0.14696664023334755,0.08498829724310128,0.14696664023334755,0.6210784221851233,0.23195493747644882,0.09902376798270916,0.023155376698953272,0.10597698286534722,0.17862382209630648,0.20086503476818607,0.12095800365264225,0.27139701246140085,0.3836245729443629,16.269330954558615,4.7097256455849585,63.568151513426486,8.434602137275723
1926,4333,802449,185.1947842141703,4,4321,12,0.0027694438033694898,0.1482916765113054,0.08289251674402753,0.1482916765113054,0.6205241312959571,0.23118419325533293,0.09753420342081735,0.026843938045448847,0.10234849792746568,0.18980227606455946,0.19338881526582685,0.10837942057030668,0.2817028479888203,0.38968497741284247,16.429928603992007,4.7400115159411556,62.12827478397348,8.675332943489519,0.14266418803856928,0.08963434128390214,0.14266418803856928,0.6250372834950584,0.23229852932247144,0.09717972280716873,0.024856329591069936,0.10770692566400832,0.1896731559718629,0.200462900939721,0.11196629491822217,0.2681546692636964,0.39455980444304,16.61261103885878,4.727818803841744,62.355476745815785,8.689026248263227
1927,4825,902607,187.06880829015543,4,4803,22,0.004559585492227979,0.1367392203251112,0.09784646545659867,0.1367392203251112,0.6286750939314693,0.23458568578170988,0.09999800745181865,0.02969049537908153,0.09774411871855586,0.17790511431252112,0.19073164767193018,0.10229592275202583,0.30163469472287197,0.3756472404828956,16.52698950045908,4.754906224371298,61.82756874884614,8.741388027124874,0.13313561736450807,0.10396866952508688,0.13313561736450807,0.629760095881442,0.23710428688959495,0.09822326188019419,0.027791060488283312,0.10581201299048802,0.17682600913377897,0.1983642898457792,0.10442451802261815,0.2885588490547444,0.3808612840044612,16.738415583773286,4.748085177240342,61.82681038184318,8.794017941116005
1928,4512,885821,196.32557624113474,4,4488,24,0.005319148936170213,0.14123911603909367,0.08757501338896093,0.14123911603909367,0.6299467550364409,0.2288141294280546,0.09347747800202083,0.024996142117530287,0.10188807726270635,0.189522431296061,0.17928895957201418,0.10677504830360342,0.30405186320974364,0.3848879865607882,16.724984945206213,4.767017614513454,61.25830541818568,8.869976414406716,0.13895026655351517,0.08760925089772914,0.13895026655351517,0.6344902163375458,0.22655951745124428,0.09513355429150495,0.023171225022474647,0.11482550596171787,0.19278940031978603,0.18081690198356484,0.1081456138060593,0.2851177986488462,0.4027484605730089,16.678548529611756,4.7491123057657,61.82129945280257,8.779913958673525
1929,4933,997636,202.2371781877154,5,4921,12,0.002432596797080884,0.14267611193619614,0.08541524947735904,0.14267611193619614,0.6292325255290934,0.2280913614135552,0.08883204932177376,0.030737119060899976,0.11557653768409758,0.15978176326145163,0.17541722250623404,0.09781226803696697,0.3318430408967095,0.36419035026732294,18.188547461552734,4.7965223123856315,58.7347988757792,9.585544624884866,0.1428072658729715,0.07944387743162021,0.1428072658729715,0.6349415894172618,0.2222511433045917,0.08952954584697362,0.02717965542519572,0.12655420797081104,0.15944480815451068,0.17654425102223867,0.10188771994554868,0.3188598124559819,0.3755285619722954,18.759450546715964,4.799388781969145,58.136096569348794,9.810879818227114
1930,4633,883155,190.62270666954458,4,4629,4,0.0008633714655730628,0.13986497577496404,0.09001889180602796,0.13986497577496404,0.630251158038892,0.229883867580992,0.10412017718844645,0.03054701152608953,0.10042251551878804,0.1541355498833984,0.16262849606805382,0.09675577822148737,0.35139047152403297,0.3586782425906329,18.822598876787286,4.779208653074117,58.521683939154684,9.77278593512309,0.13708283035915123,0.08826196970216486,0.13708283035915123,0.6375723706053675,0.22534480006131608,0.10479775410601377,0.02832333165422385,0.10757932657886345,0.1561303879631106,0.16041871455367537,0.09866195356144307,0.34408853117945964,0.3685074686479879,19.175291131338053,4.7780888638552215,58.25737976540694,9.897269651010996
1931,4541,854852,188.2519268883506,4,4531,10,0.002202158114952654,0.14502354525714153,0.07724355283171037,0.14502354525714153,0.632709356405512,0.22226709808885192,0.09052926193490732,0.029943525280072648,0.0980830065526288,0.17113788526202106,0.17522732420685058,0.09229354708727198,0.3427854508385454,0.35975015374955716,19.02135802485879,4.7863881657976,58.15311996431305,9.873570520444014,0.13864944999445725,0.08363526749112593,0.13864944999445725,0.6390658324801458,0.22228471748558318,0.09014860582735615,0.02789083128153697,0.10010414303529488,0.16919751843348108,0.17774324017498097,0.09659503742591992,0.3383206248511468,0.3594502672961321,19.31650151842905,4.779116001349108,58.14177137677804,9.94847529748041
1932,4431,817249,184.43895283231777,4,4422,9,0.002031144211238998,0.13896200567000164,0.08842479591441255,0.13896200567000164,0.6336511936987921,0.2273868015844142,0.09641126870736039,0.030272585703290708,0.10947653460616265,0.15741520203527357,0.17752220531066645,0.09013232799425616,0.33876987485342963,0.3633030053487966,17.48816165249822,4.78407608631379,59.56185375781266,9.296191715228913,0.13553542355968,0.0927157792674416,0.13553542355968,0.6362133742750827,0.2282512028271216,0.09474803865818256,0.028750044462723227,0.11710356730056745,0.1571099006747208,0.18047370150594835,0.09281655892424832,0.32899818812827225,0.3689615066334708,17.49529091268622,4.772174086336352,59.98659935658167,9.238719346386087
1933,4887,939306,192.2050337630448,4,4873,14,0.002864743196234909,0.133843431220699,0.08507810846905955,0.133843431220699,0.6472350292213463,0.21892153968975855,0.09468663792951865,0.028951541157545117,0.10164589213957095,0.16407082209097065,0.1737911444206339,0.09723357162413797,0.3396203916432742,0.36040335216006025,17.221808842663965,4.785535794432707,59.667259167315386,9.215320310543113,0.12887094168176186,0.09041063894743984,0.12887094168176186,0.6518474784470455,0.21928158062920167,0.0913535100963132,0.02641873363148379,0.10511400367435933,0.16528286160266834,0.17975009809662187,0.09949432226847153,0.33258647172710776,0.36175037537334087,17.300028560713603,4.778365086048851,59.938329542376586,9.196943400242015
1934,4850,902655,186.11443298969073,4,4831,19,0.003917525773195876,0.12411927430986514,0.1186230416787001,0.12411927430986514,0.6331384094501126,0.24274231598856522,0.08141110326738346,0.026746188736191865,0.09098423803137548,0.1556355766270708,0.1924595349553862,0.09812191491329697,0.3546414428882627,0.3280309179258298,16.602345400174162,4.78435876994846,60.58220745098045,8.9338114108025,0.12126326468071547,0.12297322332863453,0.12126326468071547,0.634500246735755,0.24423648800935,0.07814205705232745,0.02569321853402163,0.09854960747064885,0.15429461831618704,0.20030062300018353,0.097179368311447,0.34584050650620124,0.3309862828391633,16.44669897320659,4.775909301438541,61.01336889029586,8.835006139650025
1935,4816,899290,186.7296511627907,4,4786,30,0.006229235880398671,0.1242850179493155,0.1177770673147282,0.1242850179493155,0.6336528972275494,0.2420620852640437,0.08903517848420206,0.029589601945147922,0.10053890316960912,0.15361168140488826,0.18309296659122673,0.09488983745403407,0.3492418301562352,0.34318576305869947,16.951622214265484,4.785398261463555,60.324874911236556,9.056474233151615,0.1232903620212843,0.11585733805752131,0.1232903620212843,0.6375619384538807,0.2391477000788056,0.08919942953538297,0.02839947691246778,0.10900201931516904,0.14775563418982213,0.1846201421899224,0.09801928116842341,0.34300401571325423,0.34595708304037415,17.076924402758788,4.779892738944658,60.31520493522267,9.088951559540831
1936,5198,974942,187.56098499422856,4,5185,13,0.002500961908426318,0.12865901368530144,0.10897773825774462,0.12865901368530144,0.6337042338354208,0.23763675194304607,0.0910720128966571,0.025867613775078208,0.10563713721495151,0.15011184232184221,0.18636251169290863,0.10079156154301376,0.3401573194680911,0.3468209924334508,17.246151972712397,4.802569695009255,59.47749141173922,9.247836611725461,0.126997297678312,0.10651646070378226,0.126997297678312,0.6394889437926468,0.23351375838209426,0.08952826051134823,0.02477059590337964,0.11431232320662059,0.1486781108274271,0.1886644075841553,0.1035361530699734,0.3305101481188583,0.35251869454539597,17.24696691247,4.803830675256453,59.32029638411574,9.269964613082935
1937,5541,1074755,193.9640859050713,4,5512,29,0.005233712326294893,0.13168599599238873,0.09623144442349016,0.13168599599238873,0.6403965634414702,0.22791744041587889,0.09200034296394966,0.025140210489914716,0.1077645283739523,0.1517658292368866,0.1814682180164212,0.10480510350796837,0.3370557669367395,0.3515307005747886,17.749569794241477,4.811354063496352,58.652079534022384,9.488028012578123,0.13261516364898682,0.08775227458623354,0.13261516364898682,0.6470173977901001,0.22036743823522037,0.0909601244027539,0.024173172521551278,0.12013409189022317,0.14979609160402035,0.18418600209197244,0.1070624522963056,0.32368806536996597,0.3608903078969974,17.784477059068987,4.812289548458587,58.538356710737055,9.512561999571584
1938,4998,991015,198.28231292517006,4,4975,23,0.004601840736294518,0.12389747993598058,0.09770916228008107,0.12389747993598058,0.6544958779438526,0.22160664221606166,0.09055367772538336,0.023138841696497756,0.10267791196400365,0.1486313054167481,0.19414285454258906,0.11003519154364141,0.33082021838434195,0.3418628951061351,17.47426116688081,4.8377096559916595,58.12401979293922,9.493287392289027,0.12053726619435268,0.10028741471350687,0.12053726619435268,0.6586380528486223,0.22082468090785953,0.09454115936687078,0.021219811861497347,0.11280445741505979,0.14915839587412316,0.19291779613409238,0.11288694391302995,0.31647143725952326,0.35650401265605375,17.56190999704139,4.829683988839504,58.38241047199752,9.479021499270077
1939,3872,780629,201.60872933884298,5,3857,15,0.0038739669421487604,0.10739067303456827,0.13201000878719293,0.10739067303456827,0.6532086457382245,0.23940068182176122,0.07991486713919495,0.023706793739349887,0.09918771322304377,0.14782719844996722,0.21998659958848113,0.10698683250482961,0.32238999534673,0.326929778812206,18.859923779465326,4.85037527392625,56.59385165895298,10.050952346304705,0.1044859816701016,0.13696416254922647,0.1044859816701016,0.6540638748998433,0.24145014421932806,0.08107816923211332,0.022959682235062617,0.11268548078399315,0.14952369974306132,0.21617762897048257,0.1061157985104063,0.31145954069697784,0.3432873497591678,18.788945059110883,4.833438415307593,57.127772639526384,9.958848004266223
1940,4448,893368,200.84712230215828,5,4420,28,0.006294964028776978,0.1232039449132048,0.09936670911066102,0.1232039449132048,0.6542254002235508,0.22257065402386583,0.10004173622558961,0.025140045987205116,0.11227314688272705,0.14658170934632686,0.19384531408559924,0.10403318093691438,0.31808486598129093,0.3588965924546435,20.3496692233109,4.876650236075521,54.38581206199574,10.729023826652197,0.12672336040044113,0.08917566453860674,0.12672336040044113,0.6573776141367756,0.2158990249390479,0.10647420179174658,0.024086774028324234,0.12784311222260686,0.14741082292175675,0.1832149750261366,0.10378857371435989,0.3071815399902822,0.3817281369361102,20.78466892350865,4.865028842751699,54.29354029005311,10.849959944949822
1941,9436,1687947,178.88374311148792,6,9410,26,0.002755404832556168,0.14074928096354972,0.09134852278640526,0.14074928096354972,0.6271529148029572,0.23209780374995498,0.10073378772221465,0.022732796512145707,0.10902458818316213,0.1583188309403505,0.1697935062673322,0.1203011259903675,0.3190953639686274,0.3680772068457273,19.704518075021387,4.8050156082307,57.47374355125964,10.1380458921733,0.13975333103354332,0.08647751236154515,0.13975333103354332,0.6340158248500812,0.22623084339508848,0.1086142369799531,0.021900511131407046,0.11747563105903946,0.15740391916648303,0.16638645488274484,0.12358328746116157,0.3046359592302198,0.3834937872054756,20.172128794660853,4.799060191317244,57.09600684476787,10.306900119493223
1942,8800,1630154,185.24477272727273,6,8741,59,0.006704545454545454,0.1547943468568767,0.04825100970056321,0.1547943468568767,0.6421602967684157,0.20304535655743994,0.11345957373637992,0.025956456702019338,0.10509746415027126,0.16666585647821855,0.14729899590226442,0.11490147200774861,0.32662018106847507,0.38522289436486973,20.169312499725688,4.806925997775161,56.57367986677993,10.379054590765152,0.1560692243032726,0.041999982995818294,0.1560692243032726,0.6458615685694115,0.19806920729909092,0.1202902730901926,0.025325436819894128,0.11497008396170459,0.16787124008277882,0.14307242569408057,0.11434849382859764,0.3141220469850234,0.403131597134676,20.425908234828153,4.804052579605975,56.34243629054524,10.475053961500588
1943,6436,1200490,186.52734617775016,6,6376,60,0.009322560596643879,0.15877725044954547,0.042851606190358445,0.15877725044954547,0.639593893194408,0.20162885663990393,0.11454605214344837,0.028011260065050225,0.10746111284568982,0.15285090001620427,0.14276937954532964,0.1042399469010863,0.35012134929397454,0.37485806500534247,19.08460074090004,4.791153086657212,58.096808646416854,9.897136072621485,0.16092756926753923,0.029641378991795884,0.16092756926753923,0.6485034830327739,0.19056894825933512,0.12346356204017143,0.02739739255983202,0.1227375212985788,0.15457461950094564,0.1345472203748112,0.10450499009854856,0.3327746947791763,0.4007757028396959,19.77895256033563,4.789343196423977,57.37262090300941,10.170642072163869
1944,5520,1022152,185.17246376811593,6,5473,47,0.008514492753623188,0.15794024739903315,0.042874820197808416,0.15794024739903315,0.6412446844182315,0.20081506759684156,0.12184836915406302,0.02746877344901989,0.11823534568381243,0.16090478833736954,0.14545286695388643,0.10430903280375524,0.32178082550385295,0.400988503175245,20.09980436430399,4.82383087862548,56.04735308079172,10.435198841267551,0.15805183168392412,0.034716220953261975,0.15805183168392412,0.6491801147117932,0.19276805263718608,0.13090228969771253,0.026428162134345994,0.13043663906743783,0.16205915267336918,0.1361511670850364,0.10406657666735639,0.3099560148269351,0.42339808143851954,20.273616257241397,4.8233039655883125,55.81429729749092,10.510885162742907
1945,4955,884604,178.52754793138243,5,4907,48,0.009687184661957619,0.151014636128889,0.06090224692419427,0.151014636128889,0.6370684813512593,0.21191688305308326,0.10571375114999018,0.027569645090795975,0.10880849543417588,0.16315426713708078,0.16103626967740914,0.10710264253909356,0.3266149282422435,0.37767651372124683,20.155116914178972,4.812586112542475,56.43357918316994,10.395069241417193,0.15311012346911612,0.04984215024906007,0.15311012346911612,0.6439376030774591,0.2029522737181762,0.11252031452422542,0.027394399236001853,0.11857027299927039,0.16378251480792066,0.15289045776334798,0.10911043468999333,0.3157316054783531,0.3948731023314164,20.288354732669326,4.8134660391359505,56.093536757845804,10.47559831765876
1946,3324,625801,188.26744885679904,5,3266,58,0.017448856799037304,0.14263559467046158,0.066264159575481,0.14263559467046158,0.648464650697401,0.2088997542459426,0.10299347187460008,0.02714268084909204,0.09875319505766147,0.16300384161847675,0.1721450887390718,0.09815329788803617,0.3378084242852712,0.3647505085507383,18.864101201719958,4.856294195431228,55.957340579509854,10.140770639696601,0.13925980155837764,0.07310423202790656,0.13925980155837764,0.6483761639355261,0.2123640335862842,0.1046916556353265,0.025979634545684294,0.10061570694189109,0.16036202326018512,0.16933455332294847,0.0999993378066696,0.33901708896071203,0.3656693858374027,18.912135330274463,4.844230085278316,56.25737754952489,10.110854528983275
1947,3377,655584,194.13206988451287,4,3311,66,0.019543973941368076,0.14946191471405404,0.053342107844340146,0.14946191471405404,0.6477340630423593,0.2028040225583942,0.10873266193172325,0.026388487922735644,0.10847254765080475,0.16912581419963435,0.17120313467883289,0.09553334974830814,0.32054400265884636,0.38633102378216233,17.80296114970812,4.854572157721826,57.011600057514265,9.730105836935552,0.14747637891505702,0.0566026522897104,0.14747637891505702,0.6484445899510546,0.20407903120476742,0.10863879982345581,0.025417087184714113,0.11614778729964868,0.16619777129817018,0.16568143281353526,0.10055001575142793,0.31736710466551776,0.39098435842127466,18.26709603707145,4.841962092444291,56.898985214470436,9.861117398113237
1948,3613,708619,196.13036257957376,5,3566,47,0.013008580127318018,0.15232439793631772,0.0525857801240135,0.15232439793631772,0.6427654236484986,0.2049101780603312,0.10934980718816308,0.027414732624591324,0.1004459943114689,0.16403168734834409,0.16881227486982048,0.09839476145328471,0.33155074192210965,0.37382748884797606,16.093066109079665,4.853064339772294,58.5670200239162,9.088370379814615,0.15190479566472762,0.05446956993507697,0.15190479566472762,0.6417208390927516,0.2063743655998046,0.11332670612468557,0.02690025802743469,0.11121230577921397,0.15932859130584248,0.16186524978376604,0.10266713497365211,0.32469975312836047,0.383867603209742,16.528748271749212,4.845970864616399,58.31836957582472,9.231287723789855
1949,3147,618551,196.55258976803304,6,3130,17,0.005401970130282809,0.1496087436656082,0.06637692562717125,0.1496087436656082,0.6344055884316786,0.21598566929277946,0.11347578629983553,0.025806608276904393,0.09086099900529815,0.17440705498477604,0.17784982297745894,0.10859903305715919,0.3090006955502554,0.37874384028990976,14.54451926306942,4.815751371362642,61.353298377241764,8.315038303788151,0.14722580861310539,0.06966997126054372,0.14722580861310539,0.6358784129106536,0.2168957798736491,0.11443071018320898,0.0246266501598101,0.09516016869242044,0.1724015390848138,0.1731411176775525,0.11316092907184534,0.30707888423034874,0.3819924179604432,15.033133834007769,4.801952816619641,61.33235245694496,8.439345328574364
1950,3399,672759,197.92850838481905,6,3381,18,0.00529567519858782,0.13540285154257165,0.09864594537564632,0.13540285154257165,0.6305483523887785,0.23404879691821795,0.10351660620731064,0.025583477050257656,0.09084214652667154,0.15825062534432374,0.17816722312726785,0.10411799063890456,0.33952193334861364,0.35260937807830595,15.953352997612143,4.810003417231168,60.33290805190537,8.807355850334886,0.12939224785402925,0.1018435642453272,0.12939224785402925,0.6393719406222791,0.23123581209935645,0.10490126089699885,0.023841930067585417,0.09979656664535971,0.15732939467380977,0.17216097957646492,0.10823525396305556,0.3337346156625782,0.36202722221616834,16.73958437066736,4.803833285813301,59.77705140512982,9.080208488626292
1951,3441,691949,201.0895088637024,5,3433,8,0.0023249055507120024,0.14392975021378468,0.0821025980909771,0.14392975021378468,0.6300379007741316,0.22603234830476177,0.11195625977413942,0.025553394643553586,0.08686465602301806,0.16613922880234294,0.16710263424511973,0.10715119544349443,0.3352326319872635,0.36496014459950044,16.38397570459004,4.815987902948719,59.48235476349813,9.032969635627557,0.13776703236186577,0.08485264347187511,0.13776703236186577,0.6396132910075673,0.2226196758337409,0.11123457081939694,0.02303060576880899,0.09186591412373747,0.16886847471351243,0.15938989985586102,0.11794603148838581,0.32766450421482807,0.37196895965664684,17.400902878661363,4.805818222050677,58.980545904474276,9.35559496605236
1952,3445,689456,200.13236574746009,6,3429,16,0.0046444121915820025,0.15237822479815782,0.07037721187273697,0.15237822479815782,0.6248663378384705,0.2227554366708948,0.1168611716139448,0.02456924700686277,0.08762062464590477,0.17502986222464342,0.16471997091142157,0.10670861923416296,0.3244905035675494,0.379511658484493,16.30956840927921,4.826936904796329,59.08956185087761,9.069271506116616,0.15006562905176252,0.06595032382590373,0.15006562905176252,0.633918417304837,0.21601595287766623,0.11667409511653734,0.021960381038325053,0.09347132923646363,0.17836994944849147,0.15680762345865537,0.115755661298697,0.3169609593616208,0.3885153738014925,17.236960878470537,4.8138073965947985,58.734761387679484,9.349149201042525
1953,3239,640071,197.61376968200062,4,3219,20,0.006174745291756715,0.1498336117239781,0.07901388413977832,0.1498336117239781,0.6213188943789261,0.2288474958637564,0.1079944143633073,0.026078754343488806,0.09235571291352737,0.16344961442335676,0.16447311651501878,0.09829874655821134,0.3473496415598997,0.3637997417001914,16.339852278569584,4.813032876924559,59.69359922817307,8.992543787780791,0.1494223332432386,0.0738148798550232,0.1494223332432386,0.6273404557016716,0.22323721309826178,0.11206835054818948,0.02441381503778204,0.09857616004053046,0.1608339361048112,0.15783043822923806,0.10703172871547816,0.33924557210431866,0.37147844669353114,16.96976752716296,4.801475420818888,59.517363255913416,9.173613684380687
1954,3061,588568,192.2796471741261,4,3052,9,0.0029402156158118264,0.14633894236632086,0.07730404614733775,0.14633894236632086,0.630018069323947,0.2236429885136586,0.09932139051578923,0.024793847691379087,0.0979211634514523,0.16275810181339415,0.1621455456611803,0.10831032362083513,0.3447496255816224,0.36000065578063567,15.41177823288027,4.820951797652553,60.27805007965748,8.680465155797716,0.14146250767949417,0.07608936824615906,0.14146250767949417,0.6409856167449522,0.21755187592565323,0.10087740698721127,0.022309633379343618,0.10251549868712423,0.16298616660623977,0.1559643421618879,0.11663285095376906,0.3387140991864542,0.36637907228057526,15.81545971180542,4.81081754402628,60.174445282710195,8.795201683534687
1955,3706,708611,191.20642201834863,5,3700,6,0.0016189962223421479,0.13564163185739,0.10143041985885466,0.13564163185739,0.6272863170063687,0.23707205171624468,0.0896051991046525,0.01974589401468181,0.08878694773823392,0.1627820408178058,0.1747783614115518,0.12432267691411583,0.33997887927287823,0.34117418766069224,17.52070007734869,4.807708187213159,58.71855183752459,9.421898839749971,0.13359469384131936,0.09613102133158337,0.13359469384131936,0.6366795916978105,0.22972571517290274,0.0907957313747607,0.01816515845683216,0.09239122779058183,0.16812475491318166,0.17100875804424706,0.13292043929879585,0.3265939293380645,0.3513117140785242,18.468528757693445,4.795672663686135,58.159105785251725,9.73539740702687
1956,3745,700800,187.12950600801068,5,3718,27,0.007209612817089452,0.13424861559561033,0.11720653454069352,0.13424861559561033,0.6142962339320512,0.2514551501363038,0.09484625121733069,0.022832732175398204,0.08853622401373393,0.15301317490789,0.1726265546777634,0.10990383401401192,0.3582412290943131,0.3363956501389546,18.64445118571983,4.810641465825475,57.40485959827879,9.884303632512816,0.12942525965664228,0.11959468867196597,0.12942525965664228,0.6215547919240073,0.24901994832860824,0.09483193957620065,0.021647574149624003,0.09366127351377831,0.15315040479258812,0.16603879160179819,0.1233253147169912,0.34734470132384637,0.3416436178825671,19.762611496110313,4.792752808221389,56.92310055575447,10.229281551487565
1957,3255,614062,188.65192012288787,6,3231,24,0.007373271889400922,0.13133988718791206,0.11620736637742139,0.13133988718791206,0.6211128600233573,0.24754725356533344,0.0987725053695009,0.0198381802904734,0.0847241946508766,0.1598410423276388,0.18464753880112228,0.11599701772470417,0.33617952090277464,0.3433377423480163,15.93894676035027,4.795064487227424,60.55986699511286,8.772120727186172,0.1251606064377508,0.1205234436658747,0.1251606064377508,0.6291553441584495,0.24568405010362548,0.09737509582982615,0.018421110748074062,0.08427880537780913,0.1616081188878907,0.18064741112274643,0.1262483216658381,0.3314211353653282,0.343262020095526,17.056150466123803,4.779571294707106,60.06665747967857,9.118458109767342
1958,2039,382092,187.39185875429132,2,2034,5,0.0024521824423737125,0.14155688784619616,0.08137356504295962,0.14155688784619616,0.6355126595262542,0.2229304528891558,0.10393973248066402,0.020044267316906207,0.09200534945326004,0.1678967967750701,0.15717110054666458,0.12405227261451893,0.3348904811324873,0.36384187870899415,15.581107182789433,4.788337811421325,60.723025581061705,8.660466049694536,0.13580486845910691,0.0911193758400657,0.13580486845910691,0.6372708873943986,0.2269242442991726,0.10306188921321309,0.018672702913243286,0.09880861406986975,0.1689967795735196,0.1531285768039365,0.13165806192853946,0.3256733752212751,0.3708672828566024,16.3925651868158,4.766890109755077,60.742390637718515,8.859353818040537
1959,2388,436824,182.9246231155779,2,2360,28,0.011725293132328308,0.14137635210169583,0.08552525937786346,0.14137635210169583,0.6317220361719229,0.2269016114795593,0.10132605118937443,0.025976981448218358,0.09241823672101103,0.1494681221107138,0.14776513224526233,0.10846658768189367,0.37457888741503464,0.34321241002109926,16.74031886005891,4.786087103981747,60.08091262330583,9.038008422303188,0.13464937570062904,0.09322203905366083,0.13464937570062904,0.6374792086491963,0.22787141475428987,0.1031788332486375,0.02478616755865231,0.09911620351704933,0.15230355270400353,0.14223527072455447,0.1181577527928571,0.3602222178512684,0.35459858946969036,17.79097906345704,4.7688942759941755,59.639068997462985,9.360650033175103
1960,2555,465260,182.09784735812133,2,2530,25,0.009784735812133072,0.14254101417054751,0.08451191604924761,0.14254101417054751,0.6304060551591232,0.22705293021979514,0.11244196999927895,0.028503459855506775,0.0989184863764338,0.14152949873582185,0.1449808767845457,0.10037268056113222,0.3732530269662917,0.3528899551115346,18.015391586168846,4.807606267670945,57.80007153682278,9.672903555933834,0.1380163112912999,0.08800326132124371,0.1380163112912999,0.6359641157973825,0.22601957261254363,0.11281726484322867,0.02785652297809732,0.10446253631930323,0.14402912402176637,0.14070928763319154,0.10841727811140293,0.3617079854385823,0.3613089251842983,19.01916110053331,4.7917881030148095,57.42244117532255,9.974939751549678
1961,2508,448253,178.7292663476874,2,2472,36,0.014354066985645933,0.1383028583723845,0.0966519927662616,0.1383028583723845,0.6267422895478991,0.23495485113864614,0.11066778871709625,0.028225787282826497,0.0937338945477503,0.14229974170473325,0.14581617736498984,0.10377707855503573,0.37547953075052914,0.3467014249695798,18.53974413667794,4.8051333323263075,57.51235053089826,9.843298655507814,0.13564047951137773,0.09927961323240138,0.13564047951137773,0.629439426324748,0.2349200927437791,0.1117210050390983,0.026569063356984116,0.09807976478958527,0.14505931687318535,0.1419967425548851,0.10896062554662295,0.36761348105941094,0.3548600867018689,19.299791288462206,4.794376254388104,57.229186646870836,10.071611242039415
1962,2518,450043,178.73034154090547,2,2495,23,0.009134233518665607,0.14111603713872517,0.08324205045898263,0.14111603713872517,0.6345258756926117,0.22435808759770778,0.10548982446526607,0.03203993578275186,0.09437377249222584,0.1442516277407766,0.13896965333694264,0.10100307448295916,0.38387211274319216,0.3441152246982685,18.998439374258414,4.803016431818991,57.04688544926859,10.022174373846571,0.13853778294793592,0.08585868818596111,0.13853778294793592,0.6370657463460229,0.22439647113389705,0.10599188697538992,0.030281513064294906,0.09645304577151813,0.14575550704248794,0.13799097453752876,0.10792391626458837,0.3756031574107051,0.34820043978939597,19.796487324033453,4.791530957629342,56.68364261732638,10.271096822751302
1963,2570,466681,181.58793774319065,2,2556,14,0.005447470817120622,0.14998110171003404,0.06098707062201321,0.14998110171003404,0.6390507271694534,0.21096817233204726,0.11247901889277669,0.025893396701007366,0.08986563863871884,0.15432219669564376,0.14554034539381522,0.10173136234928488,0.3701680417748799,0.3566668542271393,18.04772060965946,4.811547386938287,57.54559383847569,9.716429512520095,0.14550340867463696,0.06694547695649959,0.14550340867463696,0.6420477073638665,0.21244888563113656,0.11138282877342613,0.023854067277047038,0.0938856191585802,0.15432383972875932,0.1442647694352412,0.10806436673646164,0.3642245098686865,0.3595922876607657,18.62384948179318,4.80259953685847,57.32361267883332,9.890517907194024
