decade,n_articles,total_words,mean_words,n_publishers,n_article_like_or_uncertain,n_non_article_like,share_non_article_like,mean_sentiment_neg,mean_sentiment_pos_minus_neg,mean_negative,mean_sent_neutral,mean_positive,mean_anger,mean_disgust,mean_fear,mean_sadness,mean_joy,mean_surprise,mean_emo_neutral,mean_emotion_distress,mean_avg_sentence_length,mean_avg_word_length,mean_flesch_reading_ease,mean_flesch_kincaid_grade,wavg_sentiment_neg,wavg_sentiment_pos_minus_neg,wavg_negative,wavg_sent_neutral,wavg_positive,wavg_anger,wavg_disgust,wavg_fear,wavg_sadness,wavg_joy,wavg_surprise,wavg_emo_neutral,wavg_emotion_distress,wavg_avg_sentence_length,wavg_avg_word_length,wavg_flesch_reading_ease,wavg_flesch_kincaid_grade
1830,951,215803,226.92218717139852,2,917,34,0.035751840168243953,0.09981306676863527,0.20629881892439475,0.09981306676863527,0.5940750454102969,0.30611188569303005,0.06320751934705476,0.017194438029482634,0.10040240909655865,0.15456475587522553,0.28916534063457455,0.0778589532063044,0.2976065863473008,0.31817468431883894,27.576056500091806,4.824229562614794,49.17937770471237,13.25045298518704,0.10432292825338128,0.18532332732845372,0.10432292825338128,0.606030814532478,0.289646255581835,0.06771334340686655,0.017522675280757592,0.1257259106334996,0.16507910228463815,0.27512855546401127,0.08205622524310528,0.26677418885626686,0.35851835632500434,28.915749017680607,4.787884357915671,48.98941771797555,13.609765579580166
1840,4566,887824,194.4424003504161,7,4341,225,0.049277266754270695,0.10963621457343765,0.18223130530113762,0.10963621457343765,0.5984962656498413,0.29186751987457527,0.07145395557207392,0.023424598751668184,0.0877423685101697,0.17188545727470633,0.28129351950919507,0.08716223123146301,0.277037869872755,0.33108178135694993,27.40847891932782,4.840209376443281,48.22643103361476,13.34173895095578,0.11174616218276447,0.17049772268339583,0.11174616218276447,0.6060099528922324,0.2822438848661603,0.07676949542291005,0.022517539575324978,0.10649458183045327,0.18593111373972213,0.2725248928158117,0.08562843078087576,0.25013394580195875,0.36919519099308545,28.65285645414468,4.812283296254715,47.90410001000052,13.695835744429706
1850,5001,1215815,243.11437712457507,7,4874,127,0.02539492101579684,0.14129109631870385,0.0768125519766164,0.14129109631870385,0.640605255654888,0.21810364829532025,0.10648163091526805,0.02033494388197134,0.11264933984161887,0.19215179728710952,0.21040262247811603,0.10544463719064265,0.25253502793429317,0.41128276804399644,26.33687950226493,4.797156258962306,50.94255654759233,12.696678832594714,0.13976016044862186,0.0681797607939259,0.13976016044862186,0.6522999184151719,0.20793992124254776,0.10912124835154213,0.02013042111075173,0.1370834248624372,0.2058076584667166,0.20558688779942483,0.10431941303305872,0.21795094634208936,0.45201233168069593,27.97895827850896,4.765328834581853,50.194740787746355,13.208922279480097
1860,11689,3035081,259.6527504491402,14,11429,260,0.022243134570964156,0.16418704911856116,0.007171028789049334,0.16418704911856116,0.664454872538842,0.1713580779076105,0.14122459548819813,0.02300988632712838,0.1564932895586941,0.20180228944408402,0.1796735139583728,0.09575333761499907,0.20204308717827407,0.49952017449097624,24.54148777679024,4.815989443227213,51.24147281355753,12.208960631262674,0.14924958853342016,0.016862991013755706,0.14924958853342016,0.6846378320054951,0.16611257954717587,0.13249923254106596,0.019875537599648135,0.1832221764168093,0.2075309042348626,0.18122262221150845,0.09994501657469447,0.1757045089703605,0.5232523131927378,26.02905549177978,4.787608376916532,50.79248668406172,12.641138491711674
1870,19858,4646855,234.00417967569746,19,19667,191,0.00961828985799174,0.1817877637828932,-0.01781028283994963,0.1817877637828932,0.6542347554040151,0.16397748094294357,0.14019499178231415,0.02731552157203519,0.16037299344778888,0.22578482547397807,0.15234524661893634,0.08823331302132156,0.20575310824705165,0.5263528107040811,21.22168282992651,4.793531414037868,55.523642203782735,10.786951891630371,0.1697587765501879,0.003020789624291348,0.1697587765501879,0.657461657471537,0.17277956617447923,0.13231098038407368,0.024841347140664966,0.18140066138008965,0.21631454462119082,0.1608747316445209,0.0949612459454279,0.18929648901397045,0.5300261863853541,22.018099491350934,4.75270002575412,56.16930001554392,10.894747716622986
1880,22233,4435968,199.5217919309135,19,22035,198,0.008905680744838754,0.2134203828398646,-0.03386328789336596,0.2134203828398646,0.607022521827099,0.1795570949464986,0.13823897023451115,0.03210959465681008,0.16042784396996704,0.2282389298146473,0.1461255865693088,0.09820946478168444,0.19664960969359432,0.5269057440191255,19.959914854213466,4.690221829148954,59.89001746875767,9.864471919144968,0.20549273263581067,-0.025876518030588016,0.20549273263581067,0.6148910524094908,0.17961621460522265,0.13248219840777264,0.029641970326575305,0.17515588955018313,0.22735194470492062,0.14925410203110587,0.10099679831233906,0.18511709660892736,0.5349900326628764,20.415500419198573,4.666941800420902,60.276142413111714,9.923795411768067
1890,58792,11733042,199.5686828139883,26,58227,565,0.009610151040957953,0.2051547655332694,-0.016952145532127802,0.2051547655332694,0.6066426145299232,0.18820262000114157,0.13552657184258432,0.028272547309066184,0.15305167265530895,0.2282432374630278,0.16377226630602082,0.09638971773187968,0.19474398670582335,0.516821481960921,15.801624276846747,4.67365258234057,64.41113644608205,8.20083129270355,0.198725377002737,-0.007687587712954571,0.198725377002737,0.6102368337814341,0.19103778928978243,0.13225470154481772,0.026507773723920432,0.16924359400835834,0.22788670878769854,0.16510197862156198,0.0982352790881226,0.18076996433354992,0.5293850043408745,15.997785646721242,4.653768457088837,64.93235675135584,8.17686349020262
1900,100762,19723179,195.74024930033147,33,99448,1314,0.013040630396379588,0.1815872627854472,0.025499453955025755,0.1815872627854472,0.6113260205884942,0.20708671674047294,0.118340912916397,0.023994266569994097,0.13705512773294126,0.2173923639242617,0.18416114404200803,0.10503779785075402,0.21401838701179687,0.47278840457359994,17.693280017925737,4.68900365072995,62.394864908583195,8.952000711766713,0.1741220477861682,0.036221546528806665,0.1741220477861682,0.6155343579925394,0.21034359431497482,0.11642815821935414,0.022625988373313467,0.14688754311119426,0.21469020615438014,0.18578842439498605,0.10763572453503244,0.20594395523198705,0.47800590748492855,18.4479610189491,4.677917873285957,62.068751774217034,9.18497075413112
1910,132313,25505898,192.76940285535056,29,131324,989,0.007474700142843107,0.1672689947860351,0.04394872696710819,0.1672689947860351,0.6215132835727611,0.21121772175314332,0.11704627981797847,0.024884035992485357,0.1188724491564492,0.21014650038216812,0.1826399522049762,0.1040814294988596,0.24232935275141215,0.44606522935659576,17.703299114139252,4.7150836278985935,61.80868308669427,9.03625031984483,0.16245458470999863,0.04624431702096395,0.16245458470999863,0.6288465136989706,0.20869890173096253,0.11898918435398058,0.02324913439932542,0.12965563020191928,0.21011933014365192,0.1797946248413548,0.10638070927225639,0.2318113866479739,0.4587641446995518,18.538370266727597,4.704188483594712,61.36626015727837,9.3054143976351
1920,75170,14178781,188.62286816549155,18,74838,332,0.004416655580683783,0.15092135408046992,0.07384208581086889,0.15092135408046992,0.6243152060790427,0.2247634398913388,0.10316162891983777,0.025286958594219228,0.10414946160891131,0.19680653712364857,0.18672610964535616,0.10997547501510141,0.2738938291213021,0.4041176276523976,16.21679360666632,4.73569418944946,62.821181219371894,8.52573774045766,0.1471877536794469,0.07637033908297447,0.1471877536794469,0.6292541536323479,0.22355809276242136,0.1048263585998718,0.023695596570278886,0.11387357305719924,0.19765508921847436,0.18642849979696116,0.11235714161396819,0.2611637412930553,0.4163550208755454,16.518376309992004,4.7217081004149515,62.9683016838365,8.580138948437725
1930,47767,9117848,190.88173843867105,6,47601,166,0.0034752025456905393,0.13001471563556583,0.10084622141593105,0.13001471563556583,0.6391243475278768,0.23086093705149688,0.0911138491265012,0.027352498561958722,0.1017735985001389,0.15537204355957948,0.18415704607946828,0.0993083214443725,0.34092264268144323,0.34825949118621957,17.70578737681487,4.800297926176377,59.012612688972986,9.426864108376328,0.1271244160326478,0.10197535055905056,0.1271244160326478,0.6437758176146201,0.22909976659169837,0.09055183603553676,0.025771585654620545,0.10992947250508993,0.15451152647482233,0.18629517579689814,0.10151547699574556,0.3314249266511574,0.35499283501544904,17.78910943884576,4.794776092384059,59.114156139251584,9.433400362092828
1940,53056,9927270,187.10928075995176,8,52600,456,0.00859469240048251,0.14852853691900347,0.06299133406401035,0.14852853691900347,0.6399515920493286,0.2115198709830138,0.10911709498536003,0.026064179774900848,0.10705382871653282,0.16110132349297682,0.16209854337899188,0.10804698497578948,0.32651804472137624,0.3772722471948697,19.118023375263647,4.82259671518117,57.075757692930644,10.047855277793555,0.14870672554791953,0.05780155867804762,0.14870672554791953,0.6447849901355108,0.20650828422596712,0.1152307540994307,0.02529624932572526,0.11707751621429309,0.16076809879074422,0.15614388680877478,0.10952900665921987,0.31595448822530414,0.3930763691044681,19.456680884437557,4.817630853456125,56.817553390932645,10.168001561882026
1950,31718,6125192,193.11406772179834,6,31557,161,0.0050759820921874015,0.14102073356670367,0.09193723952258805,0.14102073356670367,0.626021293609637,0.2329579730892917,0.10266026116148108,0.02352150240623913,0.08995167168293139,0.16192796860735925,0.16853788380639795,0.11041061336261054,0.34299009900014016,0.3545399014517717,16.560679108869465,4.808938492536159,59.5300632088572,9.070213321118144,0.13675893130210642,0.09243925518361976,0.13675893130210642,0.6340428824341204,0.22919818648572618,0.1035281872975861,0.02174464798248672,0.09509791823031913,0.16348016101726215,0.16263182628658204,0.11941679243674753,0.3341004664320415,0.3621062665451673,17.436493148439,4.796164551986452,59.146505915732874,9.341288495213885
1960,10151,1830237,180.30115259580336,2,10053,98,0.009654221258989262,0.143024083628587,0.08124040960672879,0.143024083628587,0.6327114232033476,0.2242644932353158,0.11028849413935683,0.0286512858101376,0.09421822388478752,0.14563385534672207,0.14383778817657722,0.10171416162303967,0.3756561909437495,0.3501405733708664,18.396977254325407,4.806854553356837,57.477725508247055,9.81266087419435,0.13947174959785535,0.0848682796661832,0.13947174959785535,0.6361882212452907,0.22434002926403854,0.11050470131334258,0.027116931409791094,0.0982328743036239,0.14733092693083055,0.14126278073455759,0.10833905110521998,0.36721273435685836,0.356068502547797,19.178232918930107,4.795115492251512,57.16824490284613,10.049912900751421
