historical_publication,candidate_type,emmy_reference_outlet,american_stories_title_variants,total_articles_prefilter,total_words_prefilter,first_decade,last_decade,content_screening_required
New-York Tribune,final_revised_wellbeing_oriented,New York Times | Wall Street Journal | Newsday,New-York tribune. [volume] (New York [N.Y.]) 1866-1924 | New-York tribune. | New-York tribune. [volume] (New-York [N.Y.]) 1841-1842,7810614,1645593726,1840s,1920s,1
The New York Herald,final_revised_wellbeing_oriented,New York Times | Wall Street Journal | Newsday,"The New York herald. [volume] (New York [N.Y.]) 1840-1920 | The New York herald. | The New York herald. [volume] (New York, N.Y.) 1920-1924 | Morning herald. [volume] (New York [N.Y.]) 1837-1840 | The Morning herald. | Morning herald.",3432093,817481918,1830s,1920s,1
The Sun,final_revised_wellbeing_oriented,New York Times | Wall Street Journal | Newsday,The sun. [volume] (New York [N.Y.]) 1833-1916 | The sun. [volume] (New York [N.Y.]) 1916-1920 | The sun.,2290693,528221926,1850s,1910s,1
The Evening World,final_revised_wellbeing_oriented,New York Times | Wall Street Journal | Newsday,"The evening world. | The evening world. [volume] (New York, N.Y.) 1887-1931",764464,113559559,1880s,1920s,1
Evening Star,final_revised_wellbeing_oriented,Washington Post,"Evening star. | Evening star. [volume] (Washington, D.C.) 1854-1972 | Daily evening star. [volume] (Washington [D.C.]) 1852-1854",20391034,3334522638,1850s,1960s,1
The Washington Times,final_revised_wellbeing_oriented,Washington Post,"The Washington times. | The Washington times. [volume] (Washington [D.C.]) 1902-1939 | The Washington times. (Washington [D.C.]) 1901-1902 | The Washington times. (Washington, D.C.) 1894-1895",5100698,695614091,1890s,1930s,1
The Washington Herald,final_revised_wellbeing_oriented,Washington Post,"The Washington herald. | The Washington herald. [volume] (Washington, D.C.) 1906-1939",2061824,335855753,1900s,1920s,1
Los Angeles Herald,final_revised_wellbeing_oriented,Los Angeles Times,Los Angeles herald. | Los Angeles herald. [microfilm reel] (Los Angeles [Calif.]) 1900-1911 | Los Angeles herald. [volume] (Los Angeles [Calif.]) 1890-1893 | Los Angeles daily herald. | Los Angeles daily herald. [microfilm reel] (Los Angeles [Calif.]) 1884-1890 | Los Angeles daily herald. [volume] (Los Angeles [Calif.]) 1873-1876 | Daily Los Angeles herald. | Daily Los Angeles herald. [microfilm reel] (Los Angeles [Calif.]) 1876-1884 | The herald. [microfilm reel] (Los Angeles [Calif.]) 1893-1900,2017145,295547677,1870s,1910s,1
Chicago Eagle,final_revised_wellbeing_oriented,Chicago Tribune,"Chicago eagle. [volume] (Chicago, Ill.) 1889-19?? | Chicago eagle.",180620,28565951,1880s,1920s,1
The Guardian (Boston),final_revised_wellbeing_oriented,Boston Globe,"The guardian. [volume] (Boston, Mass.) 1901-1960 | The guardian.",91582,13752248,1930s,1950s,1
Dallas Herald,final_revised_wellbeing_oriented,Dallas Morning News,"The Dallas daily herald. [volume] (Dallas, Tex.) 1873-1887 | The Dallas weekly herald. [volume] (Dallas, Tex.) 1873-1885 | Dallas herald. [volume] (Dallas, Tex.) 1849-1873",786929,106659199,1850s,1880s,1
The Miami Times,final_revised_wellbeing_oriented,Miami Herald,"The Miami times. [volume] (Miami, Fla.) 1923-current | The Miami times.",68958,6699281,1940s,1950s,1
Seattle Post-Intelligencer,final_revised_wellbeing_oriented,Seattle Times,"The Seattle post-intelligencer. [volume] (Seattle, Wash. Terr. [Wash.]) 1888-1914 | Seattle daily post-intelligencer. [volume] (Seattle, W.T. [Wash.]) 1881-1888",1475135,250935399,1880s,1900s,1
The Seattle Star,final_revised_wellbeing_oriented,Seattle Times,"The Seattle star. [volume] (Seattle, Wash.) 1899-1947",2049302,202630219,1890s,1920s,1
The Minneapolis Journal,final_revised_wellbeing_oriented,Star Tribune,"The Minneapolis journal. [volume] (Minneapolis, Minn.) 1888-1939 | The Minneapolis journal.",825087,126399326,1900s,1900s,1
The San Francisco Call,final_revised_wellbeing_oriented,San Francisco Chronicle | The Mercury News,The San Francisco call. | The San Francisco call. [volume] (San Francisco [Calif.]) 1895-1913,1806077,315552453,1890s,1910s,1
The Morning Call,final_revised_wellbeing_oriented,San Francisco Chronicle | The Mercury News,The morning call. | The morning call. [volume] (San Francisco [Calif.]) 1878-1895,667545,133568530,1890s,1890s,1
The Daily Exchange,final_revised_wellbeing_oriented,Baltimore Sun,"The daily exchange. [volume] (Baltimore, Md.) 1858-1861",137034,35692801,1850s,1860s,1
Baltimore County Union,final_revised_wellbeing_oriented,Baltimore Sun,"The Baltimore County union. [volume] (Towsontown, Md.) 1865-1909 | The Baltimore County union.",190553,38948945,1860s,1900s,1
American Republican and Baltimore Daily Clipper,final_revised_wellbeing_oriented,Baltimore Sun,"American Republican and Baltimore daily clipper. [volume] (Baltimore, Md.) 1844-1846 | American Republican and Baltimore daily clipper.",101794,17058550,1840s,1840s,1
The St. Louis Republic,final_revised_wellbeing_oriented,St. Louis Post-Dispatch,"The St. Louis Republic. [volume] (St. Louis, Mo.) 1888-1919 | The St. Louis Republic.",363702,58582926,1900s,1900s,1
The Houston Daily Post,final_revised_wellbeing_oriented,Houston Chronicle,"The Houston daily post. [volume] (Houston, Tex.) 1886-1903",743285,106413075,1890s,1900s,1
The Colorado Statesman,final_revised_wellbeing_oriented,Denver Post,"The Colorado statesman. | The Colorado statesman. [volume] (Denver, Colo.) 1895-1961",139257,17704005,1900s,1920s,1
The Denver Star,final_revised_wellbeing_oriented,Denver Post,"The Denver star. | The Denver star. [volume] (Denver, Colo.) 1913-1963",59907,5020587,1910s,1910s,1
Evening Public Ledger,final_revised_wellbeing_oriented,Philadelphia Inquirer,Evening public ledger. [volume] (Philadelphia [Pa.]) 1914-1942,974026,149020010,1910s,1920s,1
The Evening Telegraph,final_revised_wellbeing_oriented,Philadelphia Inquirer,The evening telegraph. [volume] (Philadelphia [Pa.]) 1864-1918,248700,63371184,1860s,1870s,1
The Detroit Times,final_revised_wellbeing_oriented,Detroit Free Press,"The Detroit times. | The Detroit times. [volume] (Detroit, Mich.) 1903-1920",1054213,154472195,1900s,1910s,1
Detroit Evening Times,final_revised_wellbeing_oriented,Detroit Free Press,"Detroit evening times. (Detroit, Mich) 1921-1958 | Detroit evening times.",965916,101516378,1940s,1940s,1
Atlanta Georgian,final_revised_wellbeing_oriented,Atlanta Journal-Constitution,"Atlanta Georgian. [volume] (Atlanta, Ga.) 1912-1939 | Atlanta Georgian.",749326,98544611,1910s,1910s,1
The Atlanta Constitution,final_revised_wellbeing_oriented,Atlanta Journal-Constitution,"The Atlanta constitution. [volume] (Atlanta, Ga.) 1885-19?? | The Atlanta constitution.",71416,17018279,1880s,1900s,1
Daily Ohio Statesman,final_revised_wellbeing_oriented,The Columbus Dispatch,"Daily Ohio statesman. [volume] (Columbus, Ohio) 1855-1870",261240,45147228,1860s,1860s,1